1547003652465,-0.1383667,-0.65808105,0.75634766,317.04688,317.04688,17.32837,-21.026768
1547003652694,-0.1359253,-0.642334,0.77142334,317.6863,317.6863,19.92955,-19.670534
1547003652737,-0.13568115,-0.6435547,0.77038574,318.2574,318.2574,22.255537,-18.38766
1547003652855,-0.14190674,-0.6385498,0.77545166,318.7681,318.7681,24.288576,-17.234312
1547003652870,-0.14172363,-0.64141846,0.7836914,319.2462,319.2462,26.093287,-16.30283
1547003652877,-0.1315918,-0.6517334,0.76464844,319.72556,319.72556,27.75815,-15.496394
1547003652904,-0.14501953,-0.654541,0.7493286,320.16727,320.16727,29.284914,-14.815918
1547003652940,-0.1404419,-0.65063477,0.75946045,320.51633,320.51633,30.574202,-14.057275
1547003652984,-0.15106201,-0.6314087,0.76660156,320.79684,320.79684,31.650877,-13.313087
1547003653018,-0.13757324,-0.6376953,0.78637695,321.04004,321.04004,32.53221,-12.617879
1547003653063,-0.11352539,-0.640625,0.7786255,321.2826,321.2826,33.328358,-11.946017
1547003653107,-0.13623047,-0.64208984,0.77264404,321.4985,321.4985,34.056366,-11.495446
1547003653141,-0.14666748,-0.63739014,0.7630615,321.68347,321.68347,34.745647,-11.131568
1547003653186,-0.14752197,-0.6442261,0.76727295,321.83932,321.83932,35.412056,-10.73174
1547003653220,-0.13635254,-0.6479492,0.7770996,321.99384,321.99384,35.967915,-10.380997
1547003653265,-0.12719727,-0.6473999,0.76605225,322.14587,322.14587,36.42929,-10.074377
1547003653310,-0.13061523,-0.6445923,0.7719116,322.24045,322.24045,36.78386,-9.770948
1547003653345,-0.13861084,-0.6380615,0.770874,322.28604,322.28604,37.045498,-9.562113
1547003653390,-0.13208008,-0.6416626,0.77838135,322.3288,322.3288,37.254726,-9.423367
1547003653422,-0.13122559,-0.6477051,0.7687988,322.38513,322.38513,37.522846,-9.297017
1547003653468,-0.1293335,-0.6408081,0.7678833,322.43665,322.43665,37.739643,-9.210366
1547003653513,-0.13354492,-0.651062,0.769104,322.4633,322.4633,37.962383,-9.153485
1547003653546,-0.12512207,-0.6623535,0.7675781,322.42026,322.42026,38.1982,-9.030259
1547003653592,-0.16381836,-0.64886475,0.73553467,322.24423,322.24423,38.24343,-8.833913
1547003653625,-0.1539917,-0.6478882,0.7738037,321.81427,321.81427,38.255173,-7.9839935
1547003653670,-0.037475586,-0.6627197,0.7616577,321.11002,321.11002,38.12718,-7.088871
1547003653715,-0.1081543,-0.6569214,0.7840576,320.5829,320.5829,37.845142,-6.6123495
1547003653748,-0.07739258,-0.6494751,0.7895508,320.16537,320.16537,37.362366,-6.386425
1547003653794,-0.12390137,-0.6131592,0.7984009,319.91727,319.91727,36.928963,-6.694735
1547003653827,-0.1329956,-0.6522217,0.8485718,319.57428,319.57428,36.369568,-7.236687
1547003653873,-0.13098145,-0.6390991,0.8274536,319.13153,319.13153,35.627274,-7.8599186
1547003653917,-0.15460205,-0.6555786,0.8947754,318.60208,318.60208,34.48215,-8.498208
1547003653952,-0.14074707,-0.63031006,0.89068604,318.1003,318.1003,32.89116,-8.603087
1547003653997,-0.1531372,-0.6027832,0.9524536,317.71564,317.71564,30.80271,-8.731524
1547003654031,-0.14807129,-0.5133667,0.9633179,317.37677,317.37677,28.315378,-8.8938465
1547003654080,-0.14105225,-0.4786377,0.944458,317.15387,317.15387,25.62673,-9.34429
1547003654120,-0.15130615,-0.47143555,0.9758301,316.94437,316.94437,22.72578,-9.9121475
1547003654154,-0.16802979,-0.40301514,0.9451294,316.67047,316.67047,19.623566,-10.325767
1547003654201,-0.14733887,-0.36431885,1.0090332,316.32816,316.32816,16.439672,-10.832828
1547003654234,-0.15783691,-0.29992676,0.96014404,316.08252,316.08252,13.271826,-11.081634
1547003654278,-0.1326294,-0.26971436,0.9581299,315.98618,315.98618,10.273599,-11.666557
1547003654333,-0.144104,-0.20532227,0.9338989,316.13098,316.13098,7.554906,-12.812344
1547003654357,-0.1897583,-0.15374756,0.93414307,316.43896,316.43896,5.0844026,-13.285351
1547003654401,-0.1907959,-0.11730957,0.9801636,316.73068,316.73068,2.724186,-13.357237
1547003654435,-0.21966553,-0.06329346,0.9169922,316.96448,316.96448,0.4240383,-13.272744
1547003654491,-0.1762085,-0.03668213,1.0264282,317.3231,317.3231,-1.7463124,-13.299444
1547003654535,-0.24871826,-0.013549805,0.9492798,317.73044,317.73044,-3.7728276,-13.417545
1547003654570,-0.18713379,0.02722168,1.0112305,318.1743,318.1743,-5.7891436,-13.18274
1547003654617,-0.25793457,0.06463623,0.953125,318.5735,318.5735,-7.781185,-13.295419
1547003654637,-0.20050049,0.089538574,0.9647827,319.1125,319.1125,-9.889799,-12.989545
1547003654720,-0.23822021,0.15460205,0.97717285,319.5408,319.5408,-12.034095,-13.065266
1547003654727,-0.19360352,0.19403076,1.0055542,320.01434,320.01434,-14.114749,-12.92783
1547003654760,-0.1928711,0.23583984,0.97442627,320.56693,320.56693,-16.107628,-13.042055
1547003654806,-0.23895264,0.25146484,0.94140625,321.31387,321.31387,-18.028933,-12.942376
1547003654850,-0.17773438,0.2932129,0.9447632,322.06406,322.06406,-19.94365,-12.723086
1547003654900,-0.23815918,0.31188965,0.9268799,322.785,322.785,-21.843985,-12.73266
1547003654929,-0.18518066,0.33337402,0.9515381,323.62012,323.62012,-23.676476,-12.748904
1547003654975,-0.24157715,0.36767578,0.9333496,324.36362,324.36362,-25.604376,-12.977842
1547003655021,-0.22454834,0.41308594,0.91052246,325.11514,325.11514,-27.64109,-13.188742
1547003655068,-0.27844238,0.42443848,0.8775635,325.65802,325.65802,-29.753433,-13.595041
1547003655088,-0.23925781,0.47802734,0.85498047,326.16177,326.16177,-31.870167,-13.804104
1547003655132,-0.276062,0.50683594,0.82592773,326.52637,326.52637,-33.931473,-14.206755
1547003655166,-0.24749756,0.53759766,0.80029297,327.0551,327.0551,-35.770195,-13.839789
1547003655211,-0.2578125,0.57110596,0.7373047,327.4011,327.4011,-37.356228,-13.567893
1547003655278,-0.28546143,0.614563,0.7313843,327.3894,327.3894,-38.413456,-13.15898
1547003655314,-0.20672607,0.59820557,0.65289307,327.52344,327.52344,-39.05327,-12.545087
1547003655348,-0.1930542,0.607605,0.70806885,327.16333,327.16333,-39.371098,-12.473663
1547003655369,-0.20422363,0.61083984,0.7554321,327.05505,327.05505,-39.414623,-12.043985
1547003655414,-0.15576172,0.6310425,0.6777954,326.88092,326.88092,-39.339413,-11.9244995
1547003655460,-0.24346924,0.5890503,0.788147,326.59598,326.59598,-38.87117,-11.997018
1547003655505,-0.15917969,0.6094971,0.6995239,326.50452,326.50452,-38.14666,-11.449665
1547003655538,-0.22479248,0.5894165,0.85076904,325.93042,325.93042,-37.174725,-11.687574
1547003655584,-0.1784668,0.5904541,0.7727051,325.8806,325.8806,-35.995895,-10.861633
1547003655629,-0.17974854,0.53930664,0.95025635,325.42822,325.42822,-34.7295,-10.936115
1547003655685,-0.20715332,0.5241699,0.7717285,325.2544,325.2544,-33.70477,-10.478109
1547003655695,-0.10913086,0.51538086,0.93029785,324.61444,324.61444,-32.661568,-10.976501
1547003655740,-0.25482178,0.49023438,0.78240967,324.3189,324.3189,-31.531496,-10.871534
1547003655785,-0.068603516,0.5014038,0.83447266,323.8312,323.8312,-30.274532,-11.117245
1547003655833,-0.32214355,0.43554688,0.8648071,323.16705,323.16705,-28.815033,-11.805409
1547003655883,-0.09692383,0.47583008,0.6852417,323.0806,323.0806,-27.095488,-11.008095
1547003655901,-0.25280762,0.36413574,1.0546265,322.38617,322.38617,-25.12037,-11.821762
1547003655943,-0.16687012,0.37493896,0.7929077,322.3825,322.3825,-23.236279,-10.61052
1547003655976,-0.08679199,0.32946777,1.0767822,321.74344,321.74344,-21.259418,-11.50162
1547003656045,-0.30230713,0.26800537,0.90008545,321.58047,321.58047,-18.992083,-11.210018
1547003656066,-0.103393555,0.2376709,0.9939575,321.59216,321.59216,-16.633385,-9.762908
1547003656110,-0.16369629,0.22601318,1.0612793,321.39105,321.39105,-14.42222,-9.473394
1547003656157,-0.16455078,0.21807861,0.953125,321.17432,321.17432,-12.487063,-8.846809
1547003656179,-0.12896729,0.16778564,1.1033325,320.78085,320.78085,-10.765932,-8.943242
1547003656247,-0.16931152,0.16027832,0.96539307,320.42072,320.42072,-9.250015,-9.109032
1547003656282,-0.12774658,0.14501953,1.034668,319.9259,319.9259,-7.7524524,-10.060756
1547003656313,-0.2672119,0.07727051,1.0114746,319.55,319.55,-6.209392,-10.347471
1547003656359,-0.07763672,0.111450195,0.9331665,319.17712,319.17712,-4.7079144,-9.672358
1547003656381,-0.19329834,-0.015991211,1.0531616,318.64853,318.64853,-3.114148,-10.701319
1547003656426,-0.1404419,0.020019531,0.9508667,318.42465,318.42465,-1.6007661,-10.4893265
1547003656471,-0.103759766,-0.013122559,0.99560547,318.17172,318.17172,0.18446599,-11.978657
1547003656505,-0.25286865,-0.04864502,0.895813,318.20602,318.20602,2.231347,-13.181175
1547003656563,-0.2232666,-0.13861084,1.1113892,318.20563,318.20563,4.459477,-13.399349
1547003656583,-0.23809814,-0.1505127,0.98046875,318.22754,318.22754,6.5804744,-12.835453
1547003656629,-0.16412354,-0.11444092,0.9752197,318.06598,318.06598,8.515355,-13.64149
1547003656674,-0.39276123,-0.26574707,1.0230713,317.91748,317.91748,10.441248,-14.083177
1547003656709,-0.15283203,-0.19799805,0.90441895,317.68488,317.68488,12.262489,-12.763402
1547003656763,-0.25708008,-0.29229736,1.0084229,317.4582,317.4582,14.19634,-13.535048
1547003656786,-0.21679688,-0.26153564,0.87835693,317.45682,317.45682,16.01972,-12.7519045
1547003656831,-0.11871338,-0.37860107,1.0258179,317.32675,317.32675,18.118198,-12.613001
1547003656875,-0.2298584,-0.34777832,0.90600586,317.3169,317.3169,20.03239,-12.945334
1547003656910,-0.21807861,-0.37243652,0.98339844,317.2367,317.2367,21.848225,-13.154361
1547003656954,-0.23571777,-0.42126465,0.9376831,317.22644,317.22644,23.360956,-13.035934
1547003657034,-0.26330566,-0.4981079,0.9499512,316.99915,316.99915,25.795462,-12.411253
1547003657079,-0.107421875,-0.44091797,0.90234375,316.8284,316.8284,26.657671,-11.677291
1547003657113,-0.18511963,-0.53448486,0.98083496,316.92136,316.92136,27.443783,-11.84401
1547003657157,-0.16210938,-0.46929932,0.8989868,316.86465,316.86465,27.839157,-11.080287
1547003657191,-0.16772461,-0.46954346,0.83776855,316.95514,316.95514,28.346582,-11.084936
1547003657236,-0.20800781,-0.48950195,0.83032227,317.13116,317.13116,28.985664,-11.388316
1547003657281,-0.18988037,-0.5345459,0.92529297,317.1639,317.1639,29.736164,-11.419179
1547003657315,-0.18151855,-0.5316162,0.8475342,317.02704,317.02704,30.398981,-10.871671
1547003657359,-0.13079834,-0.50598145,0.8654175,317.04062,317.04062,31.1009,-10.882478
1547003657407,-0.20770264,-0.52349854,0.8087158,317.21304,317.21304,31.985811,-11.273241
1547003657438,-0.19018555,-0.53826904,0.7980957,317.2261,317.2261,32.91352,-11.253262
1547003657484,-0.19458008,-0.55566406,0.8093262,317.1202,317.1202,33.965263,-11.371536
1547003657520,-0.18188477,-0.5830078,0.8366089,316.86935,316.86935,35.00093,-10.997315
1547003657562,-0.14880371,-0.5800781,0.7963867,316.7291,316.7291,36.036766,-10.790886
1547003657608,-0.14129639,-0.5979004,1.0123901,316.7458,316.7458,36.850143,-10.495118
1547003657641,-0.17370605,-0.61553955,0.8867798,316.74142,316.74142,37.13161,-10.1120405
1547003657688,-0.1821289,-0.60650635,0.8378296,316.52295,316.52295,36.97466,-10.343904
1547003657721,-0.24005127,-0.66070557,0.807251,316.60876,316.60876,36.747795,-10.591899
1547003657765,-0.18286133,-0.6513672,0.84088135,316.55463,316.55463,36.333885,-10.680719
1547003657811,-0.19763184,-0.6131592,0.9258423,316.43356,316.43356,35.431988,-10.872487
1547003657843,-0.18481445,-0.5800171,1.0014038,316.3051,316.3051,33.966206,-10.910597
1547003657889,-0.17877197,-0.5880127,0.95129395,316.23785,316.23785,31.877348,-11.069664
1547003657922,-0.14550781,-0.5231323,0.9326172,316.24957,316.24957,29.419907,-11.286453
1547003657979,-0.18756104,-0.49499512,0.91345215,316.3118,316.3118,26.749245,-11.095125
1547003658013,-0.1416626,-0.44250488,0.90283203,316.4644,316.4644,23.988146,-10.944854
1547003658047,-0.18518066,-0.40856934,0.9331665,316.6911,316.6911,21.226667,-10.79204
1547003658092,-0.13897705,-0.3585205,0.93865967,316.95773,316.95773,18.497904,-10.102979
1547003658124,-0.15704346,-0.3433838,0.9789429,317.35257,317.35257,15.807135,-9.841842
1547003658171,-0.12542725,-0.260437,0.96154785,317.80157,317.80157,13.043735,-9.539707
1547003658215,-0.15924072,-0.23620605,0.9901123,318.30402,318.30402,10.332461,-9.456117
1547003658249,-0.14819336,-0.15765381,1.0116577,318.84247,318.84247,7.559402,-9.034947
1547003658293,-0.15545654,-0.09472656,1.0223389,319.45282,319.45282,4.7615595,-9.0671015
1547003658327,-0.16601562,-0.08282471,1.0491943,320.00067,320.00067,1.7725455,-8.845972
1547003658373,-0.15545654,-0.031066895,0.97424316,320.5138,320.5138,-1.3111492,-8.640157
1547003658419,-0.11328125,0.026428223,0.998291,321.11337,321.11337,-4.402304,-8.972805
1547003658461,-0.18927002,0.05090332,0.98864746,321.6199,321.6199,-7.321728,-9.007486
1547003658509,-0.0871582,0.13781738,0.93927,322.0988,322.0988,-10.134724,-8.761532
1547003658530,-0.14801025,0.14984131,0.98968506,322.4991,322.4991,-12.709993,-9.231398
1547003658587,-0.122558594,0.2411499,0.9074707,323.09756,323.09756,-15.142472,-9.038525
1547003658620,-0.1348877,0.2468872,1.0222778,323.5339,323.5339,-17.333317,-9.498154
1547003658655,-0.19030762,0.30993652,0.9260254,324.12222,324.12222,-19.448921,-9.247271
1547003658709,-0.09106445,0.36236572,0.9453125,324.62656,324.62656,-21.550228,-9.356693
1547003658745,-0.21490479,0.37530518,0.8951416,324.83282,324.83282,-23.680563,-10.121681
1547003658790,-0.13409424,0.42266846,0.8898926,325.25415,325.25415,-25.633587,-10.195406
1547003658840,-0.21234131,0.4328003,0.8375244,325.55536,325.55536,-27.340864,-10.627148
1547003658855,-0.15594482,0.46972656,0.8587036,325.95996,325.95996,-28.828522,-10.519461
1547003658902,-0.20568848,0.48425293,0.847229,326.27972,326.27972,-30.152004,-10.423727
1547003658940,-0.16101074,0.51556396,0.85583496,326.5362,326.5362,-31.393055,-10.324049
1547003658979,-0.17773438,0.534729,0.80462646,326.77722,326.77722,-32.535973,-10.411042
1547003659057,-0.21490479,0.5541382,0.76361084,326.98087,326.98087,-33.495266,-10.638914
1547003659062,-0.1932373,0.57714844,0.7633667,327.04303,327.04303,-34.164303,-10.857593
1547003659104,-0.18414307,0.56744385,0.73657227,327.01364,327.01364,-34.647774,-11.115556
1547003659150,-0.18652344,0.5697632,0.73547363,326.92242,326.92242,-34.753086,-11.263428
1547003659189,-0.19158936,0.55792236,0.7640991,326.8592,326.8592,-34.324574,-11.111321
1547003659240,-0.20910645,0.55041504,0.8213501,326.7764,326.7764,-33.626514,-10.9091
1547003659261,-0.19134521,0.5479126,0.81365967,326.76883,326.76883,-32.82851,-10.391723
1547003659306,-0.17102051,0.54626465,0.8859863,326.57095,326.57095,-32.10486,-10.626744
1547003659352,-0.168396,0.54003906,0.8673096,326.58026,326.58026,-31.565031,-10.763833
1547003659385,-0.13867188,0.53759766,0.77911377,326.5471,326.5471,-31.049416,-11.377756
1547003659430,-0.32470703,0.46868896,0.9168701,326.40836,326.40836,-30.17675,-11.886015
1547003659463,-0.11791992,0.50146484,0.7295532,326.70734,326.70734,-29.151224,-10.834915
1547003659509,-0.16772461,0.45037842,0.9329834,326.0265,326.0265,-27.855783,-12.662772
1547003659555,-0.3057251,0.41949463,0.7954712,326.06238,326.06238,-26.166843,-12.729259
1547003659600,-0.06616211,0.4222412,0.86505127,325.81995,325.81995,-24.26746,-13.261701
1547003659632,-0.34832764,0.33203125,0.9595947,325.25198,325.25198,-22.187746,-14.679263
1547003659666,-0.19573975,0.3630371,0.8018799,325.36703,325.36703,-19.905369,-13.21817
1547003659710,-0.1951294,0.23773193,1.1687012,325.08713,325.08713,-17.50974,-12.520422
1547003659769,-0.23754883,0.2709961,0.84991455,325.0685,325.0685,-15.482919,-11.167815
1547003659789,-0.09375,0.23138428,1.1309814,324.66592,324.66592,-13.671405,-11.041537
1547003659835,-0.26513672,0.20739746,0.90545654,324.48752,324.48752,-11.686193,-10.554389
1547003659879,-0.09820557,0.22650146,1.0032959,324.20026,324.20026,-9.737583,-9.939122
1547003659929,-0.23162842,0.15960693,0.9607544,323.9977,323.9977,-7.648691,-9.778899
1547003659958,-0.1105957,0.14276123,0.87713623,323.66742,323.66742,-5.5732923,-9.735406
1547003659992,-0.24554443,-0.0146484375,1.1057129,323.20676,323.20676,-3.3058991,-9.9775305
1547003660036,-0.109558105,0.038330078,0.94976807,322.9189,322.9189,-1.3089033,-8.403487
1547003660071,-0.08123779,-0.026794434,1.1519775,322.37006,322.37006,0.83651024,-9.049837
1547003660127,-0.19750977,-0.08795166,1.0682373,322.01663,322.01663,2.9872105,-7.754545
1547003660161,0.008728027,-0.036132812,0.9536133,321.69666,321.69666,4.7874103,-6.523556
1547003660194,-0.18389893,-0.1730957,1.048645,321.35825,321.35825,6.6115384,-7.640876
1547003660239,-0.068725586,-0.109802246,0.97003174,321.1913,321.1913,8.351313,-6.5768785
1547003660278,-0.0836792,-0.1918335,1.0601196,321.03656,321.03656,10.3410015,-7.194822
1547003660318,-0.18426514,-0.24804688,1.0201416,320.807,320.807,12.142747,-6.9178534
1547003660363,-0.042297363,-0.18835449,0.96118164,320.48938,320.48938,13.638513,-6.8164454
1547003660396,-0.18579102,-0.28704834,1.0217285,320.29428,320.29428,15.300685,-7.473644
1547003660451,-0.0491333,-0.24975586,0.9550171,320.03995,320.03995,16.839134,-6.6721206
1547003660476,-0.09564209,-0.29382324,1.0056763,319.93683,319.93683,18.631744,-8.048484
1547003660521,-0.18463135,-0.34942627,0.9260864,319.92514,319.92514,20.455713,-9.350735
1547003660569,-0.15039062,-0.378479,1.0234985,319.6976,319.6976,22.121603,-9.876444
1547003660600,-0.16503906,-0.41644287,0.9626465,319.26324,319.26324,23.548845,-9.226601
1547003660645,-0.08795166,-0.38452148,0.9030762,318.97516,318.97516,24.790958,-9.081169
1547003660679,-0.17858887,-0.4664917,0.9562378,318.84528,318.84528,26.172646,-9.492072
1547003660723,-0.08648682,-0.4512329,0.88323975,318.52026,318.52026,27.447943,-8.312916
1547003660768,-0.08886719,-0.4508667,0.90319824,318.50317,318.50317,28.820238,-8.478619
1547003660802,-0.171875,-0.51397705,0.9030762,318.48398,318.48398,30.134872,-8.211312
1547003660847,-0.09802246,-0.4940796,0.92456055,318.36566,318.36566,31.200716,-7.4690557
1547003660881,-0.15405273,-0.54681396,0.91015625,318.4084,318.4084,32.184216,-7.5608945
1547003660926,-0.12207031,-0.5249634,0.9406128,318.32806,318.32806,32.769375,-7.2853584
1547003660971,-0.109313965,-0.5286865,0.8911743,318.33487,318.33487,33.13481,-7.2906194
1547003661004,-0.12939453,-0.5640869,0.9338989,318.41153,318.41153,33.417015,-7.5423727
1547003661049,-0.11859131,-0.55096436,0.9277954,318.48212,318.48212,33.30029,-7.8029795
1547003661089,-0.15618896,-0.5756836,0.9598999,318.47968,318.47968,32.747112,-8.138611
1547003661128,-0.109558105,-0.555542,0.9580078,318.39584,318.39584,31.865494,-8.181271
1547003661173,-0.121276855,-0.5213623,0.96661377,318.4555,318.4555,30.55269,-8.710573
1547003661207,-0.15447998,-0.4874878,0.9343872,318.5143,318.5143,28.89388,-8.79024
1547003661252,-0.103393555,-0.46783447,0.9401245,318.56116,318.56116,27.011707,-8.739074
1547003661285,-0.14886475,-0.4656372,0.95477295,318.69476,318.69476,25.061495,-8.985657
1547003661331,-0.10803223,-0.38885498,0.9404297,318.79248,318.79248,22.91266,-8.48542
1547003661375,-0.13763428,-0.41064453,0.9984131,318.95212,318.95212,20.680325,-8.466571
1547003661409,-0.13726807,-0.3456421,0.9734497,319.09183,319.09183,18.137125,-8.028469
1547003661454,-0.09088135,-0.29553223,1.0126343,319.36612,319.36612,15.589251,-7.8149724
1547003661500,-0.14263916,-0.26550293,0.9992676,319.66147,319.66147,13.014537,-7.6223207
1547003661533,-0.095825195,-0.20666504,0.9696655,320.0261,320.0261,10.342481,-7.143404
1547003661578,-0.1274414,-0.17797852,1.017273,320.42493,320.42493,7.8132086,-7.3437433
1547003661612,-0.08013916,-0.11016846,0.9732666,320.84317,320.84317,5.2838936,-6.737643
1547003661657,-0.10180664,-0.06530762,0.9921875,321.32257,321.32257,2.9037092,-6.8254466
1547003661703,-0.103759766,-0.0126953125,0.96606445,321.82593,321.82593,0.67889786,-6.751456
1547003661805,-0.101379395,-0.009155273,1.039856,322.32443,322.32443,-1.366159,-6.3765492
1547003661830,-0.07550049,0.035705566,1.0161743,322.79825,322.79825,-3.4672103,-6.2619057
1547003661882,-0.10650635,0.0769043,1.036499,323.3413,323.3413,-5.640298,-6.2632647
1547003661893,-0.100097656,0.1281128,1.00354,323.88446,323.88446,-7.887335,-6.1495953
1547003661897,-0.097229004,0.16888428,1.0178223,324.28815,324.28815,-10.255308,-6.438727
1547003661948,-0.14733887,0.1965332,1.0064087,324.67288,324.67288,-12.712196,-6.5544553
1547003661983,-0.089904785,0.26672363,0.9404297,325.10602,325.10602,-15.216605,-6.4816966
1547003662021,-0.12390137,0.28570557,0.97314453,325.47714,325.47714,-17.60033,-7.234539
1547003662064,-0.14178467,0.3289795,0.90057373,325.8476,325.8476,-19.923967,-7.798429
1547003662119,-0.13134766,0.35510254,0.90423584,325.99432,325.99432,-22.150408,-8.464017
1547003662141,-0.1765747,0.40319824,0.88012695,326.11404,326.11404,-24.210783,-8.947522
1547003662196,-0.13146973,0.45941162,0.89160156,326.43115,326.43115,-26.121992,-9.23665
1547003662219,-0.17694092,0.4850464,0.8357544,326.57684,326.57684,-27.896885,-9.896053
1547003662277,-0.1873169,0.47613525,0.8369751,326.67548,326.67548,-29.394293,-10.1930685
1547003662309,-0.14282227,0.49908447,0.7929077,326.8664,326.8664,-30.623154,-10.410415
1547003662355,-0.1977539,0.50598145,0.7713623,326.88138,326.88138,-31.590607,-10.749083
1547003662389,-0.18231201,0.5411377,0.81536865,326.94662,326.94662,-32.206657,-10.663675
1547003662421,-0.1671753,0.55218506,0.78863525,327.1148,327.1148,-32.596565,-10.44947
1547003662467,-0.21234131,0.55133057,0.8692627,327.22668,327.22668,-32.82906,-10.324131
1547003662512,-0.15911865,0.5812378,0.77124023,327.35934,327.35934,-33.09951,-10.167118
1547003662546,-0.20666504,0.5725708,0.8233032,327.16013,327.16013,-33.17976,-10.735362
1547003662603,-0.15258789,0.5810547,0.77923584,327.14197,327.14197,-33.111664,-10.689087
1547003662625,-0.16314697,0.5410156,0.8240967,327.09985,327.09985,-32.87693,-10.826196
1547003662670,-0.19036865,0.54467773,0.82250977,327.21307,327.21307,-32.554497,-10.440015
1547003662714,-0.17596436,0.5604248,0.8515625,327.1333,327.1333,-32.283684,-10.481779
1547003662749,-0.19732666,0.5419922,0.84814453,327.07275,327.07275,-32.068287,-10.352491
1547003662803,-0.1671753,0.5500488,0.8432617,326.97723,326.97723,-31.89049,-10.312281
1547003662827,-0.19995117,0.53881836,0.84625244,326.946,326.946,-31.670734,-10.423144
1547003662871,-0.1784668,0.53015137,0.80285645,326.95844,326.95844,-31.38463,-10.330266
1547003662917,-0.19525146,0.539978,0.8291626,326.8458,326.8458,-31.003372,-10.403632
1547003662951,-0.17626953,0.5407715,0.84698486,326.86554,326.86554,-30.510296,-10.094415
1547003662998,-0.121520996,0.5380249,0.84588623,326.84436,326.84436,-30.01424,-9.912937
1547003663040,-0.21099854,0.49310303,0.8722534,326.808,326.808,-29.432846,-9.825747
1547003663088,-0.13018799,0.51208496,0.8474121,326.74927,326.74927,-28.860867,-9.5669155
1547003663132,-0.21002197,0.48791504,0.89123535,326.5424,326.5424,-28.160582,-9.597017
1547003663153,-0.19805908,0.49188232,0.8463135,326.46915,326.46915,-27.477463,-8.969075
1547003663200,-0.12677002,0.47766113,0.9158325,326.07672,326.07672,-26.693636,-8.845746
1547003663232,-0.20013428,0.4473877,0.911499,325.8613,325.8613,-25.832624,-8.221961
1547003663277,-0.056884766,0.46411133,0.7741699,325.81906,325.81906,-24.941046,-7.5714307
1547003663322,-0.23181152,0.4052124,0.96484375,325.29404,325.29404,-23.858212,-8.274127
1547003663368,-0.057678223,0.44836426,0.8041382,325.2915,325.2915,-22.737877,-7.263092
1547003663413,-0.12805176,0.3959961,0.979126,324.96533,324.96533,-21.479206,-7.6699567
1547003663446,-0.144104,0.3875122,0.9015503,325.0038,325.0038,-20.363573,-6.9166083
1547003663481,-0.05810547,0.35687256,0.9772949,324.66602,324.66602,-19.25761,-6.9529996
1547003663525,-0.1338501,0.32159424,0.90356445,324.44232,324.44232,-17.956892,-6.9256167
1547003663559,-0.05633545,0.2798462,0.9838867,324.24225,324.24225,-16.369894,-7.021905
1547003663604,-0.13293457,0.2612915,0.96746826,324.12686,324.12686,-14.636432,-6.485757
1547003663648,-0.03753662,0.26397705,0.9191284,323.97427,323.97427,-12.85205,-5.8986745
1547003663681,-0.18218994,0.18914795,1.0219116,323.77377,323.77377,-10.972895,-5.648858
1547003663728,-0.020629883,0.21496582,0.8881836,323.74585,323.74585,-9.129307,-5.0268235
1547003663760,-0.16546631,0.15118408,1.0750732,323.48795,323.48795,-7.5104313,-6.2447157
1547003663806,-0.117248535,0.15203857,0.9746704,323.38733,323.38733,-6.0780973,-5.853272
1547003663851,-0.08343506,0.08526611,1.0280762,323.08334,323.08334,-4.5624886,-6.292146
1547003663884,-0.15771484,0.059631348,0.98083496,322.89963,322.89963,-3.0015461,-6.1479454
1547003663942,-0.033569336,0.09411621,0.928772,322.7481,322.7481,-1.3229909,-6.0384636
1547003663963,-0.2467041,-0.007019043,1.0394897,322.54276,322.54276,0.4207499,-6.1066337
1547003664030,0.0043945312,0.030944824,0.95635986,322.46512,322.46512,2.0672145,-5.0655723
1547003664054,-0.068481445,-0.05444336,1.0964355,322.30344,322.30344,3.7658591,-5.7494946
1547003664091,-0.12487793,-0.072265625,0.97802734,322.14783,322.14783,5.3760014,-5.0339494
1547003664133,-0.047729492,-0.09832764,1.0653076,321.87415,321.87415,6.9346943,-5.0668035
1547003664165,-0.10424805,-0.113098145,1.0267334,321.58722,321.58722,8.357582,-5.207776
1547003664211,-0.061645508,-0.10235596,0.9503174,321.36572,321.36572,9.880464,-5.583733
1547003664256,-0.1763916,-0.23150635,1.0363159,321.1342,321.1342,11.550116,-5.8027873
1547003664289,-0.003479004,-0.18310547,0.9708252,320.84103,320.84103,13.064671,-5.200644
1547003664335,-0.121032715,-0.21502686,0.9524536,320.67844,320.67844,14.7624855,-6.3896117
1547003664370,-0.13562012,-0.24029541,0.8862915,320.4259,320.4259,16.770884,-6.3205147
1547003664424,-0.030456543,-0.3435669,1.029602,320.11215,320.11215,19.124628,-6.224835
1547003664459,-0.07183838,-0.33776855,0.98547363,319.8626,319.8626,21.170849,-5.644321
1547003664493,-0.030639648,-0.32995605,0.9628296,319.74213,319.74213,23.024197,-5.8732586
1547003664539,-0.13293457,-0.4678955,1.0582886,319.64618,319.64618,24.905146,-6.080928
1547003664573,-2.4414062E-4,-0.42193604,0.98742676,319.54758,319.54758,26.35528,-5.3708305
1547003664615,-0.0970459,-0.4378662,0.9998169,319.80292,319.80292,27.639612,-6.3621492
1547003664660,-0.10479736,-0.44439697,0.9661255,319.69757,319.69757,28.604416,-5.673124
1547003664694,-0.06762695,-0.42077637,0.90405273,319.60928,319.60928,29.353834,-5.6050396
1547003664752,-0.12677002,-0.48309326,0.9139404,319.58273,319.58273,30.096373,-5.887036
1547003664773,-0.05834961,-0.4703369,0.8821411,319.48752,319.48752,30.818523,-5.596637
1547003664820,-0.108947754,-0.508667,0.8914795,319.58636,319.58636,31.664274,-6.079506
1547003664864,-0.076538086,-0.49230957,0.8852539,319.49277,319.49277,32.45694,-5.720666
1547003664898,-0.07165527,-0.5515137,0.9291382,319.54385,319.54385,33.197475,-5.843527
1547003664942,-0.10687256,-0.54467773,0.94104004,319.469,319.469,33.571693,-5.6742373
1547003664975,-0.08502197,-0.5476074,0.9795532,319.42615,319.42615,33.580746,-5.558189
1547003665021,-0.093688965,-0.5428467,0.97314453,319.3634,319.3634,32.990753,-5.4966855
1547003665067,-0.095947266,-0.53326416,1.0073853,319.34326,319.34326,31.743088,-5.5472407
1547003665111,-0.09033203,-0.50701904,0.9845581,319.3113,319.3113,30.166594,-5.5394034
1547003665144,-0.073913574,-0.45141602,0.9850464,319.3224,319.3224,28.315355,-5.59544
1547003665179,-0.09136963,-0.4537964,0.9798584,319.3771,319.3771,26.211723,-5.6620092
1547003665223,-0.05493164,-0.4126587,0.93981934,319.47974,319.47974,23.847504,-5.6143084
1547003665280,-0.09564209,-0.35784912,0.9621582,319.68808,319.68808,21.468214,-6.021334
1547003665302,-0.07110596,-0.32354736,0.97125244,319.88983,319.88983,19.073128,-5.8054667
1547003665346,-0.059936523,-0.3086548,0.99139404,320.19543,320.19543,16.677937,-5.9476924
1547003665381,-0.107666016,-0.2541504,1.0010986,320.5243,320.5243,14.215347,-6.0726314
1547003665427,-0.0335083,-0.20526123,1.0037231,320.88373,320.88373,11.821184,-5.652497
1547003665472,-0.11114502,-0.1906128,1.0079346,321.25967,321.25967,9.402506,-5.684356
1547003665505,-0.068237305,-0.10229492,0.98602295,321.7247,321.7247,6.918401,-5.3489184
1547003665550,-0.1005249,-0.071899414,0.9985962,322.1898,322.1898,4.4970884,-5.349714
1547003665586,-0.08868408,-0.044006348,1.0250244,322.63077,322.63077,2.0280724,-5.129659
1547003665653,-0.08935547,0.019958496,0.9908447,323.098,323.098,-0.43706572,-5.0098305
1547003665674,-0.08782959,0.028930664,1.0036011,323.53442,323.53442,-2.7749095,-5.181044
1547003665708,-0.07354736,0.10632324,0.979187,324.00565,324.00565,-4.9947114,-5.106339
1547003665752,-0.088012695,0.1385498,0.96154785,324.38132,324.38132,-7.0043116,-5.145034
1547003665798,-0.09136963,0.17858887,0.9525757,324.66943,324.66943,-8.829254,-4.9140396
1547003665830,-0.08868408,0.21173096,0.947876,324.86615,324.86615,-10.504359,-4.8527236
1547003665875,-0.07019043,0.22595215,1.0263672,324.95563,324.95563,-12.108451,-5.0520477
1547003665909,-0.080078125,0.26312256,0.94244385,325.16635,325.16635,-13.671384,-4.9821167
1547003665954,-0.07623291,0.28131104,0.9946289,325.3512,325.3512,-15.247713,-5.1530824
1547003666072,-0.0769043,0.32733154,0.9680786,325.42706,325.42706,-16.827595,-5.6703444
1547003666079,-0.11328125,0.33624268,0.9651489,325.55353,325.55353,-18.312765,-5.8026476
1547003666083,-0.066833496,0.35968018,0.9371948,325.67093,325.67093,-19.755487,-5.999092
1547003666123,-0.09802246,0.3848877,0.89727783,325.7256,325.7256,-21.131304,-6.753063
1547003666157,-0.070617676,0.4189453,0.85009766,325.83588,325.83588,-22.270466,-7.754339
1547003666204,-0.14196777,0.4169922,0.8574829,325.97583,325.97583,-23.092865,-8.718997
1547003666235,-0.15679932,0.45220947,0.859375,326.10803,326.10803,-23.6301,-9.247343
1547003666280,-0.17529297,0.43902588,0.8618164,326.37494,326.37494,-23.808704,-8.949379
1547003666325,-0.17559814,0.43603516,0.9085083,326.56076,326.56076,-23.892515,-8.456051
1547003666359,-0.15875244,0.45324707,0.946167,326.57227,326.57227,-24.016539,-8.318012
1547003666405,-0.14978027,0.4642334,0.9180908,326.7701,326.7701,-24.270447,-7.6425304
1547003666495,-0.13323975,0.4671631,0.91485596,326.80746,326.80746,-24.63986,-7.7344155
1547003666501,-0.14257812,0.47808838,0.89520264,326.83963,326.83963,-25.102957,-7.7816505
1547003666517,-0.13800049,0.46203613,0.8817749,326.84286,326.84286,-25.548906,-7.785258
1547003666562,-0.115600586,0.4699707,0.85424805,326.83328,326.83328,-25.914217,-7.80887
1547003666610,-0.13311768,0.47210693,0.84552,326.76047,326.76047,-26.064083,-8.038621
1547003666640,-0.1328125,0.4675293,0.82250977,326.7177,326.7177,-25.897924,-8.180892
1547003666699,-0.14343262,0.45629883,0.82836914,326.57108,326.57108,-25.542057,-8.532749
1547003666731,-0.1673584,0.4298706,0.923584,326.4114,326.4114,-24.749025,-8.87624
1547003666774,-0.13861084,0.4487915,0.90771484,326.24405,326.24405,-23.995056,-8.931219
1547003666810,-0.16906738,0.4387207,0.9022217,326.00504,326.00504,-23.32828,-9.303874
1547003666843,-0.17974854,0.42401123,0.84747314,325.8884,325.8884,-22.561832,-9.278127
1547003666900,-0.16156006,0.3980713,0.8867798,325.70108,325.70108,-21.429373,-9.200484
1547003666932,-0.2010498,0.35601807,0.90960693,325.58218,325.58218,-19.940912,-8.521162
1547003666977,-0.09729004,0.36187744,0.9451904,325.43808,325.43808,-18.300064,-7.410862
1547003667013,-0.13330078,0.31506348,0.9812012,325.19095,325.19095,-16.538084,-6.221325
1547003667045,-0.053771973,0.31799316,0.83935547,324.96408,324.96408,-14.845942,-5.1812873
1547003667097,-0.12542725,0.22241211,1.0667725,324.43274,324.43274,-12.8463545,-5.7849674
1547003667139,-0.077697754,0.24334717,0.8999634,324.30365,324.30365,-10.966464,-4.4396996
1547003667170,0.029663086,0.1977539,1.059021,323.78027,323.78027,-8.904535,-5.1818466
1547003667216,-0.19580078,0.121398926,1.0175171,323.51248,323.51248,-6.76501,-4.6911
1547003667271,0.052978516,0.1708374,0.9319458,323.25717,323.25717,-4.722852,-3.9696255
1547003667303,-0.2354126,0.00982666,1.1176758,322.83807,322.83807,-2.626002,-4.742769
1547003667327,0.008056641,0.09466553,1.012085,322.66742,322.66742,-1.0015085,-2.7899704
1547003667372,-0.011291504,0.0028076172,1.1661377,322.2727,322.2727,0.6119423,-3.7164314
1547003667419,-0.08380127,-0.00579834,1.0298462,322.09702,322.09702,1.9801697,-3.3258657
1547003667451,0.008972168,0.003540039,1.0566406,321.83298,321.83298,3.2596145,-3.8745904
1547003667497,-0.13598633,-0.05303955,1.0072021,321.5153,321.5153,4.504141,-4.10121
1547003667550,0.008178711,-0.03161621,0.9961548,321.28146,321.28146,5.7784033,-4.0205655
1547003667575,-0.12615967,-0.11065674,1.0184937,321.0677,321.0677,7.0941634,-4.328054
1547003667620,-0.020568848,-0.07489014,0.9365845,320.88126,320.88126,8.412412,-4.1271586
1547003667654,-0.0847168,-0.18377686,1.0544434,320.63385,320.63385,9.956814,-4.7750864
1547003667722,-0.054382324,-0.16253662,0.9854126,320.40015,320.40015,11.429577,-4.1938357
1547003667743,-0.026367188,-0.1560669,1.031311,320.1747,320.1747,12.970764,-4.7699594
1547003667778,-0.11395264,-0.2331543,0.9992676,319.92694,319.92694,14.430626,-4.461823
1547003667822,-0.011779785,-0.19561768,0.95147705,319.6662,319.6662,15.836124,-4.233035
1547003667855,-0.09082031,-0.28460693,1.0413208,319.5034,319.5034,17.350388,-4.709352
1547003667900,-0.037109375,-0.2649536,0.9537964,319.356,319.356,18.762783,-4.1004004
1547003667946,-0.06640625,-0.3010254,0.97979736,319.2576,319.2576,20.281979,-4.5220284
1547003667980,-0.09906006,-0.36102295,0.97998047,319.09552,319.09552,21.759815,-4.1479735
1547003668024,0.0012207031,-0.33062744,0.954895,318.9621,318.9621,23.074017,-3.8984773
1547003668057,-0.10412598,-0.40197754,1.0089722,318.96246,318.96246,24.421734,-4.5561104
1547003668102,-0.028503418,-0.38885498,0.9532471,318.81232,318.81232,25.517061,-3.907776
1547003668149,-0.05255127,-0.38134766,0.9036865,318.8857,318.8857,26.634512,-4.543382
1547003668181,-0.121276855,-0.42352295,0.88391113,318.96356,318.96356,27.964483,-5.070652
1547003668227,-0.066467285,-0.430542,0.87371826,318.91562,318.91562,29.445759,-5.2651362
1547003668260,-0.12261963,-0.53375244,0.928772,318.7089,318.7089,30.933016,-5.3211546
1547003668307,0.00793457,-0.49609375,0.9500122,318.37024,318.37024,31.98939,-4.6050296
1547003668350,-0.05114746,-0.51330566,0.930542,318.47266,318.47266,32.9805,-5.0490704
1547003668384,-0.05340576,-0.51226807,0.8720703,318.49728,318.49728,33.83623,-4.833968
1547003668429,-0.077941895,-0.53131104,0.88513184,318.51956,318.51956,34.478935,-4.529965
1547003668462,-0.0848999,-0.5447998,0.9191284,318.4648,318.4648,35.006783,-4.2626605
1547003668508,-0.07836914,-0.5452881,0.9345093,318.23376,318.23376,35.267998,-3.7743764
1547003668554,-0.036010742,-0.564209,0.9224243,318.26865,318.26865,35.32659,-3.93777
1547003668587,-0.053894043,-0.56396484,0.9177246,318.41534,318.41534,35.199673,-4.320707
1547003668644,-0.08111572,-0.5557251,0.90960693,318.39047,318.39047,34.749844,-4.3552437
1547003668666,-0.05621338,-0.55133057,0.9764404,318.3023,318.3023,33.965668,-4.3909917
1547003668711,-0.056396484,-0.55163574,0.9873047,318.23926,318.23926,32.66382,-4.4373045
1547003668755,-0.048706055,-0.49908447,0.98779297,318.32715,318.32715,30.900875,-4.680417
1547003668790,-0.06707764,-0.46551514,0.9366455,318.46594,318.46594,28.858416,-4.9601774
1547003668834,-0.06750488,-0.42321777,0.9558716,318.55307,318.55307,26.57559,-5.046608
1547003668878,-0.04626465,-0.40325928,0.96746826,318.73184,318.73184,24.16744,-5.310774
1547003668912,-0.08306885,-0.37390137,1.0167236,318.99384,318.99384,21.67787,-5.665876
1547003668958,-0.0713501,-0.31170654,0.9810791,319.24722,319.24722,19.05658,-5.3730316
1547003668992,-0.054382324,-0.28222656,0.98724365,319.63235,319.63235,16.360483,-5.718239
1547003669037,-0.11004639,-0.22644043,0.97906494,320.07278,320.07278,13.662814,-6.2444367
1547003669071,-0.08178711,-0.17578125,0.9970703,320.45398,320.45398,11.026461,-6.004735
1547003669115,-0.099365234,-0.14056396,0.9401245,320.8444,320.8444,8.594885,-5.932215
1547003669160,-0.10394287,-0.103393555,0.99884033,321.23694,321.23694,6.295404,-5.903124
1547003669194,-0.085998535,-0.04498291,1.0005493,321.63303,321.63303,4.117443,-5.521223
1547003669239,-0.089904785,-0.018066406,1.0209961,321.9642,321.9642,2.0485935,-5.3029017
1547003669273,-0.08734131,0.039794922,0.9944458,322.3235,322.3235,0.006599608,-5.034323
1547003669319,-0.08227539,0.06427002,1.0032959,322.6787,322.6787,-1.9544373,-5.0055437
1547003669362,-0.08282471,0.09161377,0.98254395,323.02353,323.02353,-3.8657486,-4.9362354
1547003669397,-0.07269287,0.12530518,1.0292358,323.3456,323.3456,-5.718565,-4.9006696
1547003669445,-0.0592041,0.16107178,1.0082397,323.737,323.737,-7.540271,-4.65456
1547003669475,-0.06793213,0.20025635,1.0205688,324.14288,324.14288,-9.431357,-4.561552
1547003669530,-0.07879639,0.23608398,0.9800415,324.53476,324.53476,-11.356121,-4.729904
1547003669565,-0.06933594,0.26904297,0.97387695,324.91446,324.91446,-13.2733555,-5.043755
1547003669610,-0.113342285,0.28656006,0.9515991,325.26547,325.26547,-15.138783,-5.305631
1547003669644,-0.09655762,0.3267212,0.9397583,325.50464,325.50464,-16.902884,-5.5540442
1547003669689,-0.1116333,0.34979248,0.91638184,325.71893,325.71893,-18.502518,-5.6711793
1547003669723,-0.115234375,0.37823486,0.9099121,325.82352,325.82352,-19.907612,-5.824985
1547003669780,-0.10272217,0.4046631,0.90704346,325.924,325.924,-21.205347,-5.705243
1547003669824,-0.07128906,0.4255371,0.8951416,325.94293,325.94293,-22.284279,-5.7081327
1547003669859,-0.09875488,0.4434204,0.868103,325.8732,325.8732,-23.39383,-5.978433
1547003669893,-0.115722656,0.44903564,0.8690796,325.86432,325.86432,-24.313364,-6.0434904
1547003669925,-0.08880615,0.46166992,0.89294434,325.83838,325.83838,-25.032854,-6.0505204
1547003669970,-0.11791992,0.47650146,0.86590576,325.89957,325.89957,-25.473175,-5.903164
1547003670005,-0.10369873,0.48059082,0.88183594,325.86313,325.86313,-25.803057,-6.085939
1547003670060,-0.11529541,0.47479248,0.87890625,325.89758,325.89758,-26.078745,-6.0091352
1547003670096,-0.10021973,0.48394775,0.8892822,325.86346,325.86346,-26.314062,-6.1150475
1547003670128,-0.10601807,0.4897461,0.87939453,325.9312,325.9312,-26.43143,-5.94642
1547003670207,-0.12084961,0.49121094,0.8668823,325.94116,325.94116,-26.721542,-5.998152
1547003670244,-0.12182617,0.49072266,0.89019775,325.95068,325.95068,-26.8897,-6.1411037
1547003670275,-0.09106445,0.49127197,0.8335571,326.01907,326.01907,-26.861519,-6.101236
1547003670308,-0.13427734,0.49395752,0.8838501,325.93448,325.93448,-26.549795,-6.457285
1547003670330,-0.09869385,0.4689331,0.87323,326.0114,326.0114,-26.08746,-5.9517093
1547003670375,-0.09436035,0.46929932,0.9175415,325.90872,325.90872,-25.610876,-6.109259
1547003670408,-0.114990234,0.46569824,0.8760376,325.89236,325.89236,-25.086166,-5.904172
1547003670455,-0.09820557,0.46270752,0.9012451,325.85922,325.85922,-24.616491,-5.6535726
1547003670544,-0.13153076,0.43200684,0.94226074,325.81927,325.81927,-23.839102,-4.947847
1547003670602,-0.03137207,0.4364624,0.9217529,325.70578,325.70578,-23.1813,-4.282773
1547003670634,-0.095825195,0.42755127,0.9578247,325.4928,325.4928,-22.622387,-4.4615993
1547003670661,-0.051574707,0.42504883,0.89367676,325.4945,325.4945,-22.092821,-4.088976
1547003670668,-0.0647583,0.40655518,0.90966797,325.35507,325.35507,-21.3577,-4.3792076
1547003670708,-0.113586426,0.3746338,0.9102783,325.38898,325.38898,-20.428986,-3.670229
1547003670735,-8.544922E-4,0.4019165,0.86938477,325.2491,325.2491,-19.461674,-3.5010726
1547003670780,-0.14990234,0.32843018,0.994812,324.99634,324.99634,-18.17637,-3.4726267
1547003670814,0.032348633,0.35913086,0.8638916,325.04715,325.04715,-16.953491,-2.0723407
1547003670859,-0.053222656,0.3083496,1.02771,324.59442,324.59442,-15.501536,-3.0860817
1547003670905,-0.0592041,0.27514648,0.9602661,324.68103,324.68103,-14.095811,-1.8548084
1547003670949,0.038635254,0.2876587,1.0087891,324.51404,324.51404,-12.670279,-1.9128658
1547003670984,-0.103271484,0.21020508,1.0369263,324.43094,324.43094,-11.294581,-1.6695225
1547003671021,0.043762207,0.2467041,0.91485596,324.37485,324.37485,-10.086874,-1.1243966
1547003671073,-0.14892578,0.1642456,1.0054932,324.05945,324.05945,-8.690368,-1.7314116
1547003671118,0.026855469,0.18792725,0.94940186,323.89645,323.89645,-7.347495,-0.97585005
1547003671141,0.0048828125,0.14312744,1.0896606,323.4633,323.4633,-5.7327685,-1.9714503
1547003671187,-0.03173828,0.09576416,1.019165,323.24545,323.24545,-4.143164,-1.0459795
1547003671220,0.061767578,0.1182251,0.96240234,322.95804,322.95804,-2.5959482,-1.7533367
1547003671264,-0.19769287,0.014221191,1.0793457,322.68484,322.68484,-0.95151645,-2.2140093
1547003671309,0.08746338,0.070739746,0.9777832,322.47507,322.47507,0.50695175,-0.99298096
1547003671343,-0.03186035,-4.272461E-4,1.0855103,322.13922,322.13922,2.0834506,-2.6751626
1547003671388,-0.05834961,-0.045410156,1.0322266,321.89346,321.89346,3.6418972,-1.5684913
1547003671422,0.059448242,-0.008605957,0.94781494,321.59,321.59,5.05834,-1.6259285
1547003671480,-0.16571045,-0.14093018,1.105957,321.30078,321.30078,6.566085,-2.6714392
1547003671523,0.09802246,-0.067871094,1.052124,321.0599,321.0599,7.7758784,-1.3938289
1547003671567,-0.028259277,-0.090270996,0.9854126,320.94055,320.94055,9.004114,-2.7711167
1547003671590,-0.13964844,-0.1506958,0.99438477,320.70392,320.70392,10.351132,-2.4083128
1547003671634,0.039123535,-0.12738037,0.9194336,320.38983,320.38983,11.738504,-1.921671
1547003671669,-0.06317139,-0.21472168,1.0164185,320.1621,320.1621,13.316493,-3.0306873
1547003671737,-0.026672363,-0.22619629,0.9576416,319.89096,319.89096,15.000534,-2.7147968
1547003671759,0.004272461,-0.25708008,1.0151978,319.67184,319.67184,16.75994,-3.1760561
1547003671793,-0.06726074,-0.27996826,1.0009155,319.48413,319.48413,18.452332,-3.0217938
1547003671838,-0.010559082,-0.26141357,0.92944336,319.38513,319.38513,20.115782,-3.4002807
1547003671872,-0.1307373,-0.37243652,1.0430298,319.15723,319.15723,21.810509,-3.6126294
1547003671917,0.01953125,-0.34655762,0.9836426,318.81113,318.81113,23.23884,-3.158114
1547003671950,-0.07611084,-0.36065674,1.0177002,318.74643,318.74643,24.582056,-4.074361
1547003671995,-0.038635254,-0.413208,0.99279785,318.4429,318.4429,25.710377,-3.2136455
1547003672074,-0.121520996,-0.42193604,0.93218994,318.33173,318.33173,27.349497,-3.895837
1547003672119,-0.020385742,-0.4064331,0.88812256,318.13696,318.13696,28.136585,-3.756598
1547003672152,-0.117370605,-0.48236084,0.9057007,318.05548,318.05548,29.041706,-4.1244955
1547003672198,-0.017456055,-0.4586792,0.9165039,317.853,317.853,29.82396,-3.8514981
1547003672243,-0.036743164,-0.45965576,0.90911865,317.84845,317.84845,30.613644,-4.1897993
1547003672278,-0.078125,-0.49420166,0.9086914,317.64886,317.64886,31.453802,-3.7666123
1547003672321,-0.030578613,-0.4833374,0.89312744,317.5401,317.5401,32.186962,-3.732596
1547003672355,-0.070129395,-0.5130005,0.91064453,317.4962,317.4962,32.928596,-3.8278434
1547003672400,-0.037963867,-0.5206299,0.87805176,317.3556,317.3556,33.6171,-3.5502276
1547003672447,-0.0680542,-0.52142334,0.8904419,317.3781,317.3781,34.083782,-3.6706998
1547003672480,-0.057250977,-0.5168457,0.8787842,317.23724,317.23724,34.702095,-3.3803573
1547003672524,-0.06896973,-0.53375244,0.90704346,317.09567,317.09567,35.0973,-3.3417265
1547003672558,-0.046875,-0.5611572,0.9111328,316.92392,316.92392,35.317245,-3.2962866
1547003672602,-0.0087890625,-0.5554199,0.88568115,316.8349,316.8349,35.469227,-3.3465557
1547003672648,-0.040649414,-0.57647705,0.88812256,316.86044,316.86044,35.388012,-3.4238782
1547003672681,-0.057006836,-0.55023193,0.8768921,316.95056,316.95056,35.02345,-3.4532962
1547003672738,-0.0435791,-0.5510254,0.9274292,316.9472,316.9472,34.674755,-3.389098
1547003672760,-0.05657959,-0.55633545,0.9450073,316.8173,316.8173,33.904537,-3.1194904
1547003672805,-0.046142578,-0.5114746,0.9790039,316.81494,316.81494,32.692036,-3.2051325
1547003672850,-0.045654297,-0.50061035,0.95751953,316.8962,316.8962,31.093197,-3.0275793
1547003672884,-0.019042969,-0.45721436,0.9364624,317.08417,317.08417,29.180761,-3.0263488
1547003672929,-0.06555176,-0.46923828,0.9819946,317.24997,317.24997,27.181883,-2.9938872
1547003672963,-0.014526367,-0.4208374,0.9621582,317.41684,317.41684,24.95734,-2.68359
1547003673022,-0.035095215,-0.37298584,0.95721436,317.77,317.77,22.637321,-2.9966946
1547003673053,-0.076171875,-0.37158203,0.9954834,317.94827,317.94827,20.330189,-2.508852
1547003673097,0.0211792,-0.28930664,0.94140625,318.02823,318.02823,17.994461,-1.593246
1547003673156,-0.02923584,-0.2779541,0.9765625,318.29388,318.29388,15.764672,-1.6288221
1547003673165,0.008300781,-0.23730469,0.98876953,318.59894,318.59894,13.628794,-1.2910265
1547003673225,0.007385254,-0.19671631,1.0064087,318.96924,318.96924,11.578519,-1.2590593
1547003673255,-0.0018310547,-0.17102051,1.0282593,319.37106,319.37106,9.528483,-1.165764
1547003673289,-0.0036621094,-0.10321045,1.0013428,319.7961,319.7961,7.452818,-1.168456
1547003673334,-0.03125,-0.081604004,1.0291748,320.24554,320.24554,5.441579,-1.2202729
1547003673371,-0.009155273,-0.037902832,0.9873047,320.69446,320.69446,3.3756006,-1.1969992
1547003673413,-0.043823242,-0.010375977,1.0264282,321.11526,321.11526,1.3312254,-1.7539332
1547003673458,-0.041259766,0.037597656,0.97924805,321.5617,321.5617,-0.71839076,-1.6762125
1547003673492,-0.033203125,0.055908203,1.0471191,321.96606,321.96606,-2.6518865,-2.0180604
1547003673537,-0.038085938,0.09259033,0.9780884,322.4114,322.4114,-4.619825,-1.884048
1547003673573,-0.041809082,0.1352539,1.0014038,322.799,322.799,-6.579086,-2.2839646
1547003673615,-0.064819336,0.16394043,0.96698,323.22827,323.22827,-8.583654,-2.2982128
1547003673660,-0.0501709,0.21734619,0.9793091,323.60147,323.60147,-10.634251,-2.530305
1547003673693,-0.044555664,0.25915527,0.97424316,323.91287,323.91287,-12.485292,-3.022443
1547003673740,-0.09069824,0.2677002,0.9175415,324.30405,324.30405,-14.181799,-2.7536974
1547003673794,-0.028503418,0.31518555,0.97052,324.65378,324.65378,-15.732446,-2.721223
1547003673817,-0.0690918,0.335083,0.93927,324.85675,324.85675,-17.242447,-3.1046145
1547003673873,-0.08154297,0.34448242,0.92529297,325.06552,325.06552,-18.651512,-3.3056777
1547003673929,-0.05645752,0.3696289,0.9094238,325.23532,325.23532,-19.99834,-3.4780922
1547003673952,-0.056884766,0.40374756,0.8953247,325.3876,325.3876,-21.243513,-3.5967927
1547003674090,-0.08178711,0.4244995,0.8557739,325.4029,325.4029,-22.194925,-4.294552
1547003674099,-0.097839355,0.43200684,0.88500977,325.50333,325.50333,-22.882378,-4.278128
1547003674100,-0.06921387,0.45147705,0.8407593,325.46985,325.46985,-23.295286,-4.4489803
1547003674113,-0.08654785,0.44348145,0.864624,325.35504,325.35504,-23.415318,-4.6490846
1547003674143,-0.063964844,0.44006348,0.81988525,325.33752,325.33752,-23.51658,-4.678168
1547003674190,-0.08392334,0.44384766,0.85266113,325.2275,325.2275,-23.034698,-4.939605
1547003674223,-0.12023926,0.39886475,0.89178467,325.31683,325.31683,-22.145626,-4.227202
1547003674283,3.6621094E-4,0.4180298,0.9119873,325.2394,325.2394,-21.17193,-4.1539435
1547003674302,-0.16326904,0.36242676,0.9567261,325.18402,325.18402,-20.004574,-3.9739132
1547003674370,-0.008422852,0.39239502,0.8756714,325.21048,325.21048,-18.847404,-3.136492
1547003674393,-0.16986084,0.32421875,1.008606,324.96793,324.96793,-17.476496,-3.0486634
1547003674425,0.032043457,0.34246826,0.90374756,325.0015,325.0015,-16.264423,-1.6857774
1547003674470,-0.06591797,0.28625488,1.0235596,324.5765,324.5765,-14.843695,-2.695746
1547003674528,-0.050598145,0.2695923,0.9359131,324.51282,324.51282,-13.453728,-1.7619241
1547003674550,0.036010742,0.27557373,0.92907715,324.13757,324.13757,-11.888417,-2.3615592
1547003674594,-0.1897583,0.17089844,1.0336304,323.79813,323.79813,-10.140921,-2.5073395
1547003674628,0.07611084,0.24261475,0.9020996,323.66586,323.66586,-8.647113,-1.7409621
1547003674705,-0.11798096,0.12762451,1.1065063,323.15503,323.15503,-6.89985,-3.6441524
1547003674721,-0.008239746,0.14886475,0.986145,323.05664,323.05664,-5.3374023,-2.234907
1547003674753,0.022644043,0.117248535,1.0116577,322.77075,322.77075,-3.7293499,-3.194125
1547003674807,-0.2010498,0.033996582,1.0271606,322.59875,322.59875,-2.0966132,-3.4298177
1547003674830,0.02154541,0.12243652,0.9220581,322.48975,322.48975,-0.56284046,-2.5012438
1547003674890,-0.12402344,-0.014892578,1.081604,322.17606,322.17606,1.1369755,-3.5061216
1547003674909,-0.006713867,0.002380371,1.0157471,321.97552,321.97552,2.622923,-2.7019608
1547003674954,-3.6621094E-4,-0.03466797,1.104065,321.7118,321.7118,4.1464133,-3.6499434
1547003674999,-0.1071167,-0.072143555,1.0358887,321.54855,321.54855,5.5677123,-3.2093167
1547003675034,-0.006286621,-0.03845215,0.98565674,321.3638,321.3638,6.9105,-3.2714274
1547003675077,-0.13378906,-0.1295166,1.0725708,321.20804,321.20804,8.244392,-3.8199708
1547003675113,0.0015869141,-0.09814453,1.0111694,321.0231,321.0231,9.3701105,-3.3083146
1547003675156,-0.09515381,-0.13549805,1.022583,320.86267,320.86267,10.600244,-3.9797494
1547003675223,-0.06329346,-0.16473389,0.9880371,320.6455,320.6455,11.789786,-3.2922852
1547003675234,-0.022827148,-0.14379883,0.93756104,320.40167,320.40167,13.070758,-3.3713202
1547003675280,-0.09503174,-0.24432373,1.022644,320.15955,320.15955,14.46965,-3.5393975
1547003675315,0.003479004,-0.20953369,1.0037231,319.9013,319.9013,15.858035,-3.2301028
1547003675359,-0.09844971,-0.28240967,1.0296631,319.64026,319.64026,17.18676,-3.56328
1547003675405,-0.015686035,-0.23095703,0.979187,319.38705,319.38705,18.304562,-3.256002
1547003675438,-0.072631836,-0.30114746,1.0369263,319.27008,319.27008,19.360933,-3.579453
1547003675483,-0.028503418,-0.27893066,0.99212646,319.2261,319.2261,20.144003,-3.5912633
1547003675516,-0.08013916,-0.30413818,0.9810791,319.22217,319.22217,20.923773,-4.1175175
1547003675562,-0.054260254,-0.3192749,0.9637451,319.04004,319.04004,21.665527,-3.8617797
1547003675606,-0.046020508,-0.34210205,0.94799805,318.93134,318.93134,22.53122,-4.180624
1547003675640,-0.10015869,-0.36553955,0.9867554,318.81125,318.81125,23.420786,-4.163519
1547003675685,-0.028930664,-0.3668213,0.95092773,318.5614,318.5614,24.226503,-3.7199578
1547003675732,-0.061401367,-0.38690186,0.9939575,318.4685,318.4685,24.956846,-4.149933
1547003675764,-0.05230713,-0.37713623,0.96765137,318.26932,318.26932,25.521374,-3.7573154
1547003675810,-0.024780273,-0.38452148,0.9663086,318.22968,318.22968,26.054482,-4.04224
1547003675843,-0.09844971,-0.45550537,0.9484253,318.1506,318.1506,26.514969,-4.2049417
1547003675888,-0.017150879,-0.3904419,0.9208374,318.03418,318.03418,26.804676,-3.9338157
1547003675932,-0.07531738,-0.414917,0.9312744,318.1027,318.1027,27.20079,-4.1811924
1547003675977,-0.06719971,-0.41577148,0.947876,318.0472,318.0472,27.529236,-3.902513
1547003676011,-0.060791016,-0.40252686,0.93310547,317.99353,317.99353,27.397446,-3.8436413
1547003676046,-0.08532715,-0.397583,0.9125366,317.9674,317.9674,27.312407,-3.9061334
1547003676091,-0.062805176,-0.40222168,0.90197754,317.8438,317.8438,27.303917,-3.6435597
1547003676135,-0.03186035,-0.38427734,0.87005615,317.81027,317.81027,27.660381,-3.617536
1547003676169,-0.061523438,-0.4663086,0.9024658,317.87067,317.87067,28.203087,-3.791297
1547003676214,-0.029846191,-0.45544434,0.90252686,317.88412,317.88412,28.72548,-3.63013
1547003676259,-0.061340332,-0.48516846,0.914917,318.00696,318.00696,29.330633,-3.7652287
1547003676293,-0.06707764,-0.47027588,0.8980713,318.0166,318.0166,29.923084,-3.5202303
1547003676339,-0.07788086,-0.47473145,0.8845215,318.11377,318.11377,30.399284,-3.8232193
1547003676371,-0.1293335,-0.541687,0.89471436,317.9833,317.9833,30.984638,-3.9178119
1547003676427,-0.022705078,-0.49847412,0.8972168,317.709,317.709,31.398893,-3.7332456
1547003676450,-0.050842285,-0.51013184,0.9036865,317.63007,317.63007,31.8272,-3.9559147
1547003676495,-0.031188965,-0.5036011,0.9123535,317.47385,317.47385,31.924595,-3.6105294
1547003676540,-0.042053223,-0.4866333,0.90405273,317.43463,317.43463,32.045597,-3.7218354
1547003676574,-0.07086182,-0.51989746,0.93133545,317.43213,317.43213,31.954952,-3.6659124
1547003676619,-0.056152344,-0.5120239,0.9395752,317.4248,317.4248,31.617682,-3.6000793
1547003676652,-0.07305908,-0.5261841,0.9715576,317.49683,317.49683,31.053667,-3.7581766
1547003676698,-0.05316162,-0.493042,0.96606445,317.48996,317.48996,30.063513,-3.6513636
1547003676754,-0.05999756,-0.49920654,1.0145264,317.63248,317.63248,28.696358,-3.8865843
1547003676776,-0.038024902,-0.4613037,1.0039673,317.80713,317.80713,26.840546,-3.9293885
1547003676821,-0.06317139,-0.43164062,0.9790039,318.02502,318.02502,24.70806,-3.9642074
1547003676880,-0.041870117,-0.39074707,0.99713135,318.30054,318.30054,22.414978,-3.9875405
1547003676900,-0.07513428,-0.3373413,0.9884033,318.66666,318.66666,19.979517,-3.774855
1547003676946,-0.047302246,-0.2904663,1.0100708,319.16055,319.16055,17.4717,-3.8276937
1547003676982,-0.07043457,-0.2364502,0.9813843,319.64166,319.64166,14.864948,-3.9800231
1547003677024,-0.06768799,-0.1895752,0.99121094,320.03592,320.03592,12.230625,-3.6947315
1547003677078,-0.043395996,-0.20220947,1.022522,320.47403,320.47403,9.726036,-3.9878666
1547003677113,-0.050048828,-0.14575195,0.93688965,320.9375,320.9375,7.321303,-4.240677
1547003677173,-0.05029297,-0.121398926,1.0646362,321.39886,321.39886,4.9714212,-3.768251
1547003677206,-0.01977539,-0.039245605,0.91516113,321.93878,321.93878,2.737903,-3.3782272
1547003677241,-0.072143555,-0.029541016,1.0014038,322.4825,322.4825,0.5758335,-3.4640582
1547003677271,-0.05847168,0.011657715,0.98205566,323.0727,323.0727,-1.3635201,-3.4340467
1547003677306,-0.008972168,0.07550049,0.9763794,323.80853,323.80853,-3.1340516,-2.9227972
1547003677351,-0.11047363,0.08673096,0.9888916,324.4088,324.4088,-4.660443,-3.312169
1547003677384,-0.12817383,0.122924805,0.9836426,324.8678,324.8678,-6.197637,-2.8130264
1547003677429,-0.041503906,0.15362549,1.0379639,325.2383,325.2383,-7.6762233,-2.6477628
1547003677474,-0.09857178,0.1854248,0.96698,325.5495,325.5495,-9.085387,-2.9767303
1547003677518,-0.062194824,0.22564697,1.0158691,325.85492,325.85492,-10.453938,-2.8442938
1547003677552,-0.042114258,0.2368164,0.95928955,326.17368,326.17368,-11.803527,-2.8157923
1547003677619,-0.058410645,0.25628662,0.9611206,326.46432,326.46432,-13.224932,-2.9759145
1547003677657,-0.059265137,0.288208,0.9331665,326.65726,326.65726,-14.415373,-3.2831168
1547003677698,-0.08709717,0.277771,0.9100342,326.88962,326.88962,-15.366005,-3.106246
1547003677712,-0.014282227,0.33477783,0.8187256,326.9326,326.9326,-15.999232,-3.659189
1547003677755,-0.15594482,0.29797363,0.9279785,326.87927,326.87927,-16.022024,-3.9439957
1547003677813,-0.013244629,0.32495117,0.91833496,327.0334,327.0334,-15.7093935,-3.1224034
1547003677833,-0.09277344,0.29187012,1.0413818,327.0,327.0,-15.390822,-3.1509006
1547003677890,-0.05267334,0.30584717,0.9897461,327.05057,327.05057,-15.268332,-2.6938791
1547003677912,-0.07861328,0.3005371,0.9694214,326.9398,326.9398,-15.169593,-2.8917813
1547003677958,-0.07299805,0.28619385,0.9343262,326.78693,326.78693,-15.070306,-2.6872761
1547003677991,-0.03857422,0.30187988,0.911438,326.42773,326.42773,-14.743591,-3.0607288
1547003678070,-0.117492676,0.27374268,0.9538574,326.11032,326.11032,-14.025773,-3.001339
1547003678082,0.020935059,0.2989502,0.864563,325.9075,325.9075,-13.1655855,-2.4206321
1547003678114,-0.08538818,0.22070312,1.0263672,325.52988,325.52988,-11.926641,-3.0466244
1547003678160,0.0020141602,0.24749756,0.90075684,325.48416,325.48416,-10.653916,-2.212641
1547003678194,-0.028198242,0.1977539,1.0500488,325.0985,325.0985,-9.101166,-3.041566
1547003678239,-0.074645996,0.15856934,0.9473877,324.79593,324.79593,-7.5013165,-2.587807
1547003678296,0.023010254,0.17651367,0.94696045,324.40088,324.40088,-5.5784707,-3.3029456
1547003678322,-0.25524902,0.06781006,1.0515137,324.07474,324.07474,-3.4342506,-3.7001486
1547003678396,0.04559326,0.1071167,0.91986084,323.9071,323.9071,-1.4945081,-2.3904192
1547003678404,-0.057617188,0.01159668,1.149231,323.5151,323.5151,0.6069216,-4.3748813
1547003678453,-0.14086914,-0.0211792,0.9939575,323.30057,323.30057,2.4846785,-3.8731873
1547003678486,0.06890869,-0.031677246,1.0966187,322.92358,322.92358,4.263654,-3.873108
1547003678523,-0.20501709,-0.087890625,1.0241699,322.5752,322.5752,5.9280496,-4.3977895
1547003678566,-0.024658203,-0.024047852,0.9248047,322.32532,322.32532,7.456747,-3.9616897
1547003678600,-0.08654785,-0.11694336,1.0304565,322.0743,322.0743,9.175793,-5.677564
1547003678643,-0.12963867,-0.15765381,0.93218994,321.74478,321.74478,10.93774,-5.405822
1547003678689,0.04937744,-0.21801758,1.1229858,321.31577,321.31577,12.952239,-5.0632734
1547003678722,-0.10510254,-0.2659912,1.0257568,321.00922,321.00922,14.846948,-4.0916734
1547003678768,0.015930176,-0.1973877,0.96325684,320.7739,320.7739,16.463343,-3.7246583
1547003678823,-0.12792969,-0.3071289,1.0606079,320.6023,320.6023,18.049057,-4.0953555
1547003678857,-0.019165039,-0.29382324,0.989624,320.37994,320.37994,19.342663,-3.3109796
1547003678891,-0.05871582,-0.3126831,1.0480957,320.34296,320.34296,20.644142,-4.0527544
1547003678927,-0.11431885,-0.35388184,0.9884033,320.05377,320.05377,21.76342,-3.358798
1547003678971,-0.016967773,-0.3078003,0.93078613,319.7784,319.7784,22.745949,-3.258362
1547003679004,-0.14611816,-0.39544678,0.9854126,319.5802,319.5802,23.823093,-3.6285207
1547003679050,0.009765625,-0.3468628,0.9713745,319.20694,319.20694,24.736917,-2.7996545
1547003679093,-0.0524292,-0.39886475,0.956604,319.08414,319.08414,25.664871,-3.6891043
1547003679127,-0.08013916,-0.4356079,0.9491577,318.80215,318.80215,26.39678,-3.5080526
1547003679183,-0.014953613,-0.38653564,0.8983154,318.61127,318.61127,27.16598,-3.5656796
1547003679207,-0.11260986,-0.45837402,0.95684814,318.42084,318.42084,27.999273,-3.5711927
1547003679252,0.021728516,-0.42236328,0.9458618,318.11612,318.11612,28.615284,-2.727759
1547003679297,-0.040039062,-0.43322754,0.94281006,318.20486,318.20486,29.192863,-3.2463276
1547003679330,-0.046875,-0.43652344,0.9440918,318.17813,318.17813,29.647657,-2.8749754
1547003679376,-0.045410156,-0.44763184,0.88726807,318.2725,318.2725,30.091888,-3.1198454
1547003679408,-0.09106445,-0.47302246,0.8904419,318.3042,318.3042,30.543531,-3.3728774
1547003679453,-0.02557373,-0.47460938,0.8657837,318.25864,318.25864,31.09319,-3.213318
1547003679499,-0.057495117,-0.513916,0.8999634,318.28336,318.28336,31.729073,-3.4835474
1547003679532,-0.016235352,-0.4810791,0.8969116,318.26013,318.26013,32.19328,-3.312528
1547003679578,-0.04547119,-0.49432373,0.9063721,318.35568,318.35568,32.653233,-3.6078782
1547003679611,-0.04925537,-0.52160645,0.90283203,318.37173,318.37173,33.134426,-3.4370039
1547003679657,-0.0435791,-0.50128174,0.8942261,318.47577,318.47577,33.192204,-3.3524413
1547003679701,-0.0791626,-0.5178833,0.8977051,318.60086,318.60086,33.39013,-3.3619542
1547003679737,-0.075927734,-0.5081177,0.880249,318.65,318.65,33.480095,-3.3032851
1547003679780,-0.07928467,-0.56921387,0.94158936,318.65805,318.65805,33.54095,-3.3278346
1547003679816,-0.050720215,-0.54815674,0.95532227,318.59866,318.59866,33.31353,-3.4535127
1547003679858,-0.07208252,-0.55133057,0.99365234,318.48917,318.48917,32.665573,-3.5927565
1547003679915,-0.05456543,-0.5164795,0.9944458,318.35254,318.35254,31.510895,-3.6559112
1547003679938,-0.07574463,-0.48217773,0.9907837,318.28607,318.28607,29.875618,-4.1070685
1547003679994,-0.089416504,-0.4713745,0.99261475,318.15714,318.15714,27.905878,-4.282679
1547003680028,-0.018310547,-0.4199829,0.99975586,318.05493,318.05493,25.607635,-4.1915393
1547003680061,-0.08190918,-0.40649414,0.99121094,318.17752,318.17752,23.14261,-4.5406833
1547003680109,-0.046875,-0.3496704,1.0136108,318.30508,318.30508,20.415867,-4.4266925
1547003680151,-0.041503906,-0.3126831,0.98516846,318.55228,318.55228,17.608547,-4.196649
1547003680186,-0.051818848,-0.27349854,1.0043335,318.91937,318.91937,14.686017,-3.8499317
1547003680233,-0.046020508,-0.19812012,0.98431396,319.35452,319.35452,11.762081,-3.4831333
1547003680264,-0.037231445,-0.13916016,0.9550171,319.77304,319.77304,8.961326,-3.5125809
1547003680308,-0.08929443,-0.111572266,0.9537964,320.19128,320.19128,6.3847895,-3.2214694
1547003680342,-0.03930664,-0.055541992,0.96343994,320.613,320.613,4.0675063,-3.0434458
1547003680388,-0.08111572,-0.020935059,0.9779663,320.9714,320.9714,1.9746503,-3.2620194
1547003680433,-0.07739258,0.00390625,0.9847412,321.3101,321.3101,0.0237981,-3.1812649
1547003680467,-0.04071045,0.055541992,1.0090942,321.56445,321.56445,-1.8463169,-3.3685648
1547003680511,-0.10839844,0.08666992,0.99823,321.80466,321.80466,-3.6505125,-3.755736
1547003680545,-0.03869629,0.15545654,0.9711304,322.06412,322.06412,-5.4544816,-4.1147
1547003680590,-0.11895752,0.14038086,1.0048828,322.2085,322.2085,-7.1463704,-5.215772
1547003680646,-0.12945557,0.17700195,0.9763794,322.3968,322.3968,-8.802131,-5.2155943
1547003680670,-0.05682373,0.222229,0.99749756,322.584,322.584,-10.431608,-5.3253236
1547003680726,-0.14581299,0.24853516,0.963562,322.80014,322.80014,-11.953879,-5.659885
1547003680748,-0.09680176,0.28009033,0.942749,323.11215,323.11215,-13.331843,-5.150113
1547003680804,-0.122924805,0.28118896,0.916687,323.20816,323.20816,-14.472465,-5.07174
1547003680839,-0.07525635,0.31085205,0.95788574,323.21634,323.21634,-15.532528,-4.806779
1547003680871,-0.053955078,0.31866455,0.9403076,323.27917,323.27917,-16.40001,-4.547684
1547003680917,-0.072509766,0.33319092,0.9555054,323.41833,323.41833,-17.287043,-4.37662
1547003680951,-0.06896973,0.36346436,0.9038086,323.57523,323.57523,-18.064157,-4.3477335
1547003680995,-0.14019775,0.3748169,0.89245605,323.6317,323.6317,-18.58622,-4.3021326
1547003681040,-0.07489014,0.3838501,0.91625977,323.66226,323.66226,-18.92274,-3.589105
1547003681085,-0.06121826,0.3781128,0.9151001,323.49243,323.49243,-19.128946,-3.7711184
1547003681119,-0.08319092,0.3776245,0.939209,323.4045,323.4045,-19.34116,-4.018329
1547003681152,-0.06793213,0.3809204,0.9082031,323.36673,323.36673,-19.47636,-4.0626764
1547003681219,-0.08929443,0.37939453,0.91589355,323.24597,323.24597,-19.496746,-4.440488
1547003681243,-0.09411621,0.38293457,0.914917,323.18524,323.18524,-19.374182,-4.5420327
1547003681276,-0.06359863,0.36480713,0.9036865,323.07504,323.07504,-18.810694,-4.773189
1547003681335,-0.11462402,0.32843018,0.9734497,322.97424,322.97424,-18.010683,-4.7916026
1547003681355,-0.020446777,0.3560791,0.8885498,322.95593,322.95593,-17.248945,-4.6123176
1547003681401,-0.1708374,0.2979126,1.0064087,322.82562,322.82562,-16.215143,-4.9651318
1547003681446,-0.011108398,0.32104492,0.91986084,323.07764,323.07764,-15.295493,-3.4359636
1547003681478,-0.08465576,0.27423096,1.0219727,322.9409,322.9409,-14.208337,-4.029808
1547003681523,-0.12322998,0.2649536,0.961792,323.0177,323.0177,-13.220954,-3.262702
1547003681570,0.011047363,0.26885986,1.010437,322.84686,322.84686,-12.308834,-3.3976085
1547003681602,-0.14996338,0.2010498,1.0543823,322.723,322.723,-11.396048,-3.6812422
1547003681648,-0.0022583008,0.255188,0.9902344,322.7128,322.7128,-10.71758,-3.2728913
1547003681681,-0.07489014,0.2020874,1.0038452,322.51965,322.51965,-10.030463,-4.099881
1547003681748,-0.11193848,0.19226074,0.9437256,322.4073,322.4073,-9.341094,-4.346907
1547003681771,-0.08709717,0.19226074,0.989624,322.21057,322.21057,-8.539129,-4.818621
1547003681805,-0.10974121,0.17059326,0.97546387,321.98782,321.98782,-7.598129,-5.2221737
1547003681850,-0.100097656,0.15344238,0.9784546,321.79947,321.79947,-6.6413784,-5.1504817
1547003681895,-0.041809082,0.14331055,1.0200806,321.51556,321.51556,-5.5452905,-6.1608825
1547003681939,-0.21105957,0.08459473,0.9902954,321.33835,321.33835,-4.3408437,-6.6043067
1547003681975,-0.026855469,0.13641357,0.9291382,321.2022,321.2022,-3.1201591,-6.293228
1547003682007,-0.19451904,0.014953613,1.0435181,320.98944,320.98944,-1.6385853,-7.513194
1547003682052,-0.08337402,0.06768799,1.0102539,320.99152,320.99152,-0.41659555,-6.6285744
,320.85754,320.85754,0.96445316,-7.2843876
1547003682133,-0.14318848,-0.034973145,1.038208,320.85498,320.85498,2.2486491,-7.350704
1547003682177,-0.08227539,0.0018920898,1.0543823,320.8679,320.8679,3.351771,-7.5346375
1547003682209,-0.18725586,-0.03741455,1.0198975,320.92197,320.92197,4.4488287,-8.06575
1547003682255,-0.13244629,-0.02960205,0.9862671,320.93198,320.93198,5.4200263,-8.007053
1547003682289,-0.18609619,-0.09765625,1.0318604,320.96487,320.96487,6.491859,-8.856163
1547003682334,-0.16729736,-0.081848145,0.98028564,320.8529,320.8529,7.39734,-9.175812
1547003682382,-0.18548584,-0.1083374,1.0422363,320.67676,320.67676,8.448367,-9.90023
1547003682412,-0.1817627,-0.14459229,1.0090332,320.46475,320.46475,9.429002,-9.734265
1547003682457,-0.13464355,-0.09686279,0.98046875,320.2861,320.2861,10.374883,-9.82694
1547003682492,-0.21417236,-0.18383789,1.0083618,320.14148,320.14148,11.464529,-9.671224
1547003682536,-0.107299805,-0.13378906,0.98620605,319.937,319.937,12.359679,-8.444059
1547003682582,-0.128479,-0.19787598,1.0118408,319.84195,319.84195,13.424842,-8.697054
1547003682615,-0.16790771,-0.21844482,0.98809814,319.72678,319.72678,14.392927,-7.962444
1547003682660,-0.06854248,-0.21588135,0.9979248,319.6337,319.6337,15.409782,-7.662136
1547003682694,-0.19238281,-0.26940918,0.99749756,319.5922,319.5922,16.383951,-7.9549603
1547003682739,-0.10247803,-0.21923828,0.970459,319.5308,319.5308,17.273693,-7.6981525
1547003682785,-0.18457031,-0.29473877,1.012085,319.51965,319.51965,18.2262,-7.9585156
1547003682818,-0.107299805,-0.25775146,0.99816895,319.3577,319.3577,18.963621,-7.2541485
1547003682863,-0.09661865,-0.2664795,0.94940186,319.2956,319.2956,19.777952,-7.5232515
1547003682896,-0.24017334,-0.3550415,0.9819336,319.13525,319.13525,20.604254,-7.286054
1547003682941,-0.04333496,-0.3031006,0.96417236,318.79916,318.79916,21.248089,-6.084273
1547003682987,-0.123535156,-0.30871582,0.9673462,318.6626,318.6626,22.00144,-6.444249
1547003683020,-0.14099121,-0.3531494,0.9657593,318.39813,318.39813,22.745255,-5.52416
1547003683078,-0.036743164,-0.32958984,0.9402466,318.128,318.128,23.387957,-4.9152594
1547003683099,-0.12994385,-0.38342285,0.9511719,318.0751,318.0751,24.093616,-5.4940023
1547003683145,-0.07208252,-0.37554932,0.93707275,317.91617,317.91617,24.696978,-5.1686864
1547003683189,-0.055786133,-0.37219238,0.9356079,317.95578,317.95578,25.46437,-5.7631373
1547003683222,-0.14196777,-0.4244995,0.9473877,317.7971,317.7971,26.154173,-5.53319
1547003683268,-0.03277588,-0.38757324,0.9268799,317.60687,317.60687,26.736563,-5.2018056
1547003683301,-0.095947266,-0.39526367,0.9111328,317.67596,317.67596,27.479988,-5.8364344
1547003683347,-0.08404541,-0.43328857,0.9069214,317.63397,317.63397,28.23461,-5.5389414
1547003683391,-0.07141113,-0.41503906,0.88397217,317.71414,317.71414,29.054684,-5.9513645
1547003683425,-0.18664551,-0.49432373,0.9401245,317.57977,317.57977,29.88199,-5.8045564
1547003683469,-0.019836426,-0.4727173,0.93078613,317.2257,317.2257,30.527023,-4.860726
1547003683505,-0.077819824,-0.48010254,0.90734863,317.3824,317.3824,31.122375,-5.51437
1547003683549,-0.1227417,-0.4666748,0.8713379,317.35654,317.35654,31.689245,-5.4236317
1547003683594,-0.06317139,-0.47576904,0.86328125,317.33487,317.33487,32.34793,-5.4389973
1547003683628,-0.1408081,-0.5249634,0.8868408,317.3524,317.3524,33.06841,-5.691736
1547003683673,-0.08148193,-0.51452637,0.89385986,317.17126,317.17126,33.616516,-5.2990737
1547003683706,-0.08618164,-0.51678467,0.8770752,317.10678,317.10678,34.184937,-5.4514503
1547003683751,-0.074523926,-0.5255127,0.8857422,316.87668,316.87668,34.644325,-5.15455
1547003683796,-0.07104492,-0.5440674,0.8996582,316.6235,316.6235,35.073162,-5.062071
1547003683830,-0.09448242,-0.567749,0.9175415,316.25403,316.25403,35.086872,-4.778785
1547003683875,-0.057250977,-0.5280762,0.8876953,315.8605,315.8605,35.178978,-4.6602206
1547003683919,-0.11022949,-0.5319214,0.83654785,315.437,315.437,35.337673,-4.923099
1547003683953,-0.14544678,-0.5494385,0.8592529,314.80725,314.80725,35.3557,-5.3780265
1547003683999,-0.10559082,-0.5147095,0.7474365,314.20963,314.20963,35.511826,-5.644567
1547003684032,-0.07196045,-0.54907227,0.87524414,313.7918,313.7918,35.854824,-6.1004148
1547003684088,-0.08972168,-0.54608154,0.8377075,313.2872,313.2872,36.255783,-6.136239
1547003684124,-0.08721924,-0.5720825,0.8218384,312.90067,312.90067,36.650066,-6.014196
1547003684170,-0.08862305,-0.54956055,0.82702637,312.60358,312.60358,36.922382,-6.087991
1547003684201,-0.12921143,-0.5657959,0.8051758,312.17978,312.17978,37.329582,-5.8936415
1547003684235,-0.10614014,-0.56378174,0.79241943,311.82486,311.82486,37.89849,-6.191391
1547003684280,0.15600586,-0.66430664,1.085022,311.49884,311.49884,38.652435,-7.3845086
1547003684326,-0.061584473,-0.63549805,0.8544922,311.55563,311.55563,39.661358,-9.606202
1547003684360,-0.22851562,-0.64001465,0.8625488,311.59802,311.59802,39.767735,-9.7713995
1547003684417,-0.19433594,-0.6065674,0.80596924,311.45447,311.45447,39.50678,-9.132147
1547003684438,-0.14520264,-0.625,0.8167114,311.31573,311.31573,39.1196,-8.091794
1547003684482,-0.119018555,-0.6175537,0.8554077,311.4403,311.4403,38.326515,-6.659411
1547003684528,-0.053649902,-0.5918579,0.9625244,311.51352,311.51352,37.528667,-7.489607
1547003684561,-0.019958496,-0.56207275,0.99017334,311.70566,311.70566,36.132633,-7.6992607
1547003684606,-0.12121582,-0.56427,0.9714966,311.89676,311.89676,34.2232,-7.8527927
1547003684640,-0.11956787,-0.50457764,0.9682007,312.136,312.136,31.90292,-8.259148
1547003684685,-0.1663208,-0.5112915,0.98309326,312.37695,312.37695,29.28628,-8.238295
1547003684730,-0.09698486,-0.44348145,0.9489136,312.6649,312.6649,26.395174,-8.048377
1547003684764,-0.1506958,-0.43182373,1.0002441,313.13818,313.13818,23.3779,-8.146418
1547003684810,-0.12384033,-0.35705566,0.95910645,313.4784,313.4784,20.15228,-7.6775117
1547003684843,-0.117492676,-0.29437256,0.95910645,313.92456,313.92456,16.900436,-7.4764757
1547003684888,-0.14361572,-0.24572754,0.9623413,314.32993,314.32993,13.7555895,-7.8515086
1547003684933,-0.13665771,-0.1819458,0.9686279,314.64328,314.64328,10.6581135,-7.4753876
1547003684967,-0.1015625,-0.14233398,1.0504761,315.05295,315.05295,7.5768795,-7.3493724
1547003685012,-0.12408447,-0.06365967,0.9833374,315.47717,315.47717,4.419551,-7.4593997
1547003685045,-0.1338501,-0.029663086,1.0228882,315.95023,315.95023,1.3962115,-7.8540897
1547003685090,-0.12084961,0.03869629,0.95007324,316.44833,316.44833,-1.4839813,-7.6389117
1547003685135,-0.14355469,0.05834961,0.9852295,316.88388,316.88388,-4.277988,-7.4130063
1547003685182,-0.12506104,0.124572754,0.9819336,317.33893,317.33893,-7.012141,-7.403222
1547003685226,-0.13238525,0.18530273,0.9859619,317.82736,317.82736,-9.673518,-7.325624
1547003685247,-0.10394287,0.22015381,1.0093384,318.26575,318.26575,-12.21289,-7.48135
1547003685293,-0.1305542,0.26727295,0.9576416,318.7043,318.7043,-14.776583,-7.8541665
1547003685338,-0.09869385,0.33111572,0.9354248,319.20306,319.20306,-17.122776,-8.66214
1547003685372,-0.20251465,0.32757568,0.85858154,319.8028,319.8028,-19.11967,-8.824767
1547003685427,-0.11706543,0.3826294,0.8900757,320.1463,320.1463,-20.92279,-9.172896
1547003685449,-0.2244873,0.4319458,0.8182373,320.2591,320.2591,-22.506048,-10.125306
1547003685507,-0.21069336,0.44732666,0.8256836,320.47446,320.47446,-23.703331,-10.088372
1547003685540,-0.16461182,0.4572754,0.7741699,320.41446,320.41446,-24.542706,-10.594838
1547003685596,-0.22485352,0.4822998,0.7644043,320.3338,320.3338,-24.927048,-11.140575
1547003685641,-0.16571045,0.46484375,0.741333,320.23746,320.23746,-24.549679,-11.431809
1547003685665,-0.22558594,0.42633057,0.83465576,320.30487,320.30487,-23.37766,-11.077626
1547003685699,-0.15252686,0.43011475,0.9533081,320.41058,320.41058,-22.000294,-10.245529
1547003685742,-0.16931152,0.4105835,1.034729,320.45908,320.45908,-21.067797,-9.8159075
1547003685798,-0.18395996,0.4222412,0.9224243,320.49063,320.49063,-20.639004,-9.738258
1547003685843,-0.22229004,0.41064453,0.8764038,320.39392,320.39392,-20.233812,-9.976035
1547003685866,-0.18609619,0.37634277,0.84606934,320.24933,320.24933,-19.515036,-9.952417
1547003685900,-0.1784668,0.35333252,0.8828125,320.0335,320.0335,-18.382433,-10.0774765
1547003685944,-0.19421387,0.34326172,0.9158325,319.8068,319.8068,-16.976984,-9.956346
1547003685991,-0.07824707,0.34436035,0.82470703,319.52563,319.52563,-15.270161,-10.116677
1547003686046,-0.34100342,0.26483154,0.93847656,319.25232,319.25232,-13.24551,-10.047044
1547003686081,-0.04144287,0.27764893,0.8439331,319.095,319.095,-11.037241,-8.613763
1547003686109,-0.17315674,0.1449585,1.0509033,318.66772,318.66772,-8.747779,-9.483607
1547003686159,-0.10870361,0.1852417,0.9074707,318.54636,318.54636,-6.579438,-9.49099
1547003686183,-0.17022705,0.09741211,1.1255493,318.40677,318.40677,-4.208027,-10.6586895
1547003686227,-0.22399902,0.10083008,0.9414673,318.4755,318.4755,-1.9611137,-9.528148
1547003686272,-0.082458496,0.101989746,0.94573975,318.3525,318.3525,0.35628903,-9.633183
1547003686305,-0.3347168,-0.041992188,1.0776367,318.2386,318.2386,2.7635167,-10.054418
1547003686362,-0.06939697,0.014099121,0.89868164,318.0473,318.0473,4.9667597,-8.158919
1547003686384,-0.10723877,-0.10522461,1.0623169,317.8685,317.8685,7.576401,-9.777247
1547003686428,-0.29162598,-0.14752197,0.88500977,317.6975,317.6975,10.224441,-9.655031
1547003686484,-0.049682617,-0.13946533,0.98150635,317.3785,317.3785,13.039352,-9.767838
1547003686507,-0.32641602,-0.31384277,1.052002,317.24545,317.24545,15.870123,-11.858901
1547003686552,-0.16168213,-0.21875,1.0212402,316.94992,316.94992,18.027393,-11.297966
1547003686586,-0.14099121,-0.29748535,1.0474854,316.89563,316.89563,20.504597,-12.309155
1547003686631,-0.3869629,-0.41522217,1.0315552,316.4878,316.4878,22.472338,-11.31936
1547003686676,-0.059753418,-0.29418945,0.9864502,315.83264,315.83264,23.830833,-9.274273
1547003686709,-0.15386963,-0.36010742,0.963501,315.8149,315.8149,25.383883,-10.206808
1547003686755,-0.26287842,-0.44348145,0.9741211,315.58356,315.58356,26.588087,-9.852544
1547003686789,-0.06744385,-0.35321045,0.9404907,315.15384,315.15384,27.404112,-8.827384
1547003686834,-0.1716919,-0.4005127,0.87750244,315.26453,315.26453,28.45699,-10.006537
1547003686881,-0.24017334,-0.46514893,0.93310547,315.16913,315.16913,29.409573,-10.165578
1547003686913,-0.0970459,-0.42468262,0.8989868,314.91946,314.91946,30.274944,-9.816829
1547003686957,-0.18658447,-0.47973633,0.87420654,314.98944,314.98944,31.366167,-10.765902
1547003686991,-0.22332764,-0.49267578,0.8598633,314.78574,314.78574,32.409477,-10.669509
1547003687036,-0.12017822,-0.4874878,0.87164307,314.6334,314.6334,33.662235,-10.568776
1547003687081,-0.24951172,-0.58636475,0.9020996,314.6149,314.6149,34.79599,-10.829868
1547003687116,-0.13800049,-0.49066162,0.8809204,314.397,314.397,35.55486,-10.596424
1547003687160,-0.21881104,-0.56256104,0.8870239,314.3502,314.3502,36.377426,-10.812599
1547003687194,-0.18670654,-0.52233887,0.82250977,314.0242,314.0242,36.97446,-10.273118
1547003687239,-0.16479492,-0.55145264,0.8272705,313.80063,313.80063,37.733315,-10.239508
1547003687284,-0.24523926,-0.6062622,0.8967285,313.36905,313.36905,38.34894,-9.74061
1547003687320,-0.10394287,-0.56121826,0.8513794,312.86517,312.86517,38.771202,-8.977142
1547003687365,-0.13006592,-0.6763916,0.86608887,313.2682,313.2682,39.43477,-9.915762
1547003687396,-0.13848877,-0.59991455,0.8297119,313.47052,313.47052,39.925274,-10.742537
1547003687443,-0.22631836,-0.60510254,0.7848511,313.58917,313.58917,40.21186,-11.324451
1547003687486,-0.24609375,-0.5836792,0.8069458,313.7339,313.7339,40.41219,-11.332792
1547003687521,-0.17852783,-0.5942993,0.78582764,313.72583,313.72583,40.699112,-11.106856
1547003687565,-0.18896484,-0.6030884,0.82244873,313.76385,313.76385,41.075115,-11.514559
1547003687599,-0.1907959,-0.6067505,0.80688477,313.73035,313.73035,41.1832,-11.254
1547003687644,-0.1928711,-0.5913086,0.7911377,313.7235,313.7235,41.30069,-11.265033
1547003687689,-0.20861816,-0.60687256,0.7999878,313.6604,313.6604,41.07872,-11.310328
1547003687734,-0.19934082,-0.6091919,0.8226929,313.4828,313.4828,40.770382,-11.308333
1547003687767,-0.18255615,-0.6203613,0.7973633,313.33398,313.33398,40.374454,-10.667213
1547003687801,-0.20703125,-0.611145,0.83618164,313.27698,313.27698,40.045578,-9.9664755
1547003687846,-0.078552246,-0.6329346,0.91619873,312.97797,312.97797,39.43937,-8.92299
1547003687891,-0.17504883,-0.5489502,0.89331055,312.95148,312.95148,38.61612,-9.395255
1547003687924,-0.20300293,-0.6036377,0.9411011,312.9323,312.9323,37.36253,-9.756128
1547003687970,-0.13238525,-0.548584,0.8778076,312.78802,312.78802,35.709293,-9.736385
1547003688015,-0.16625977,-0.5519409,0.902771,313.05307,313.05307,33.97125,-10.130663
1547003688048,-0.17559814,-0.4961548,0.8722534,313.30176,313.30176,32.121872,-10.115231
1547003688094,-0.17407227,-0.47320557,0.93756104,313.53363,313.53363,30.210932,-10.107957
1547003688127,-0.1928711,-0.4743042,0.9395752,313.64572,313.64572,28.060822,-9.957073
1547003688174,-0.13873291,-0.42095947,0.9508667,313.82947,313.82947,25.738428,-9.884015
1547003688218,-0.19433594,-0.41845703,1.0090332,314.09186,314.09186,23.272066,-10.028314
1547003688251,-0.15472412,-0.33032227,0.9770508,314.2443,314.2443,20.535263,-9.494487
1547003688296,-0.13928223,-0.2937622,1.0216675,314.5172,314.5172,17.709515,-9.371855
1547003688330,-0.21063232,-0.24371338,0.99853516,314.79785,314.79785,14.706735,-8.57337
1547003688375,-0.09075928,-0.16314697,0.980896,315.09546,315.09546,11.688474,-7.8710985
1547003688420,-0.17681885,-0.14916992,1.0369263,315.41745,315.41745,8.572772,-8.018515
1547003688454,-0.1081543,-0.06976318,0.9680176,315.76157,315.76157,5.4295807,-7.436603
1547003688499,-0.1361084,-0.05895996,0.96435547,316.10873,316.10873,2.327836,-7.8283253
1547003688533,-0.13568115,0.02923584,0.982605,316.4851,316.4851,-0.71197337,-8.27489
1547003688579,-0.18786621,0.041015625,1.001831,316.8309,316.8309,-3.6341631,-8.308302
1547003688623,-0.095458984,0.14971924,0.9758911,317.12207,317.12207,-6.5337157,-8.400035
1547003688668,-0.19537354,0.17956543,0.97143555,317.44333,317.44333,-9.302622,-8.85663
1547003688713,-0.14782715,0.21673584,1.0171509,317.67746,317.67746,-11.8671875,-8.759659
1547003688758,-0.12426758,0.2774048,0.8734131,317.9497,317.9497,-14.339466,-8.663473
1547003688791,-0.19726562,0.30969238,0.96209717,318.14392,318.14392,-16.680277,-9.234743
1547003688837,-0.13745117,0.35766602,0.8661499,318.52225,318.52225,-18.945827,-8.888451
1547003688882,-0.1852417,0.37506104,0.8762207,318.55954,318.55954,-21.066057,-10.018363
1547003688915,-0.21624756,0.42474365,0.842041,318.7556,318.7556,-22.874643,-10.243119
1547003688937,-0.14245605,0.44940186,0.7913208,318.9179,318.9179,-24.191677,-10.4645
1547003688994,-0.21435547,0.4621582,0.75128174,319.09067,319.09067,-24.952887,-11.045334
1547003689028,-0.22595215,0.49578857,0.75878906,319.18652,319.18652,-25.09685,-11.105965
1547003689062,-0.20812988,0.48236084,0.7928467,319.03732,319.03732,-24.77817,-11.181763
1547003689130,-0.20269775,0.46728516,0.8807373,318.90817,318.90817,-24.155819,-10.970521
1547003689164,-0.15216064,0.4609375,0.836853,318.85745,318.85745,-23.402664,-10.672802
1547003689209,-0.21325684,0.43658447,0.86608887,318.71594,318.71594,-22.448938,-10.969323
1547003689254,-0.23553467,0.4229126,0.8439331,318.7855,318.7855,-21.288626,-10.474581
1547003689263,-0.10797119,0.44934082,0.74890137,318.56766,318.56766,-19.791744,-10.665246
1547003689321,-0.3463745,0.33966064,1.0178223,318.36295,318.36295,-17.91477,-10.668936
1547003689353,-0.034179688,0.3834839,0.7876587,318.57666,318.57666,-15.837603,-8.23724
1547003689400,-0.118652344,0.27301025,0.99713135,318.16638,318.16638,-13.467155,-8.237303
1547003689432,-0.20452881,0.20684814,0.87475586,317.97223,317.97223,-11.033235,-7.357231
1547003689499,-0.019470215,0.21289062,0.9795532,317.65762,317.65762,-8.325092,-7.273881
1547003689544,-0.2828369,0.11779785,0.9814453,317.34875,317.34875,-5.6907396,-7.3070927
1547003689548,0.003112793,0.14782715,0.90948486,316.96585,316.96585,-3.0420177,-7.116105
1547003689589,-0.32513428,-0.0256958,1.1732178,316.6239,316.6239,-0.4706644,-8.844775
1547003689637,-0.0491333,0.066467285,0.9769287,316.47864,316.47864,1.5949701,-7.4473476
1547003689679,-0.041931152,0.010925293,1.111206,316.20477,316.20477,3.900562,-9.605116
1547003689714,-0.3920288,-0.119018555,1.0118408,316.10703,316.10703,6.087274,-9.775443
1547003689759,-0.018005371,0.010986328,0.91778564,315.82526,315.82526,8.141346,-8.469434
1547003689792,-0.26434326,-0.20367432,1.1692505,315.63956,315.63956,10.344028,-9.043525
1547003689838,-0.13458252,-0.14654541,0.9837036,315.36783,315.36783,12.160609,-7.1422257
1547003689871,-0.043273926,-0.12512207,1.013977,315.14456,315.14456,13.911412,-7.184434
1547003689916,-0.2374878,-0.24810791,0.9841919,315.04303,315.04303,15.572939,-8.014503
1547003689950,-0.0736084,-0.17889404,0.94073486,314.72076,314.72076,16.990107,-7.747668
1547003690000,-0.17224121,-0.31140137,1.0322266,314.49258,314.49258,18.681652,-8.500335
1547003690040,-0.10784912,-0.2942505,0.9655762,314.12906,314.12906,20.176413,-7.8774014
1547003690074,-0.16235352,-0.2798462,0.9655762,313.8631,313.8631,21.771025,-7.947443
1547003690118,-0.13140869,-0.3798828,0.9962158,313.52466,313.52466,23.292868,-6.9699016
1547003690177,-0.03765869,-0.32696533,0.954895,313.2178,313.2178,24.64134,-6.281737
1547003690198,-0.09588623,-0.35253906,0.9486084,313.2558,313.2558,26.119507,-7.20551
1547003690242,-0.17474365,-0.4317627,0.9840698,313.1611,313.1611,27.47441,-7.2931547
1547003690278,-0.07183838,-0.40344238,0.9302368,312.81613,312.81613,28.56144,-6.8567734
1547003690321,-0.11273193,-0.42926025,0.9301758,312.80884,312.80884,29.785324,-7.8412995
1547003690367,-0.1472168,-0.47583008,0.9664917,312.51804,312.51804,30.764809,-7.466684
1547003690400,-0.04486084,-0.44250488,0.89849854,312.276,312.276,31.559591,-7.3841815
1547003690447,-0.14056396,-0.49401855,0.90618896,312.60193,312.60193,32.4917,-8.848068
1547003690478,-0.16174316,-0.4675293,0.8330078,312.87726,312.87726,33.436752,-9.849954
1547003690523,-0.22027588,-0.55529785,0.9274292,313.03046,313.03046,34.477077,-10.604734
1547003690569,-0.140625,-0.5108032,0.87976074,312.8042,312.8042,35.187576,-10.091101
1547003690613,-0.119628906,-0.49725342,0.8673096,312.9428,312.9428,35.94871,-10.68439
1547003690649,-0.2901001,-0.58343506,0.87091064,313.12042,313.12042,36.696083,-11.304721
1547003690682,-0.13916016,-0.519104,0.8788452,312.75577,312.75577,36.978092,-10.563923
1547003690726,-0.15490723,-0.5150757,0.83483887,312.79425,312.79425,37.422264,-10.911103
1547003690781,-0.23382568,-0.5588989,0.85113525,312.71512,312.71512,37.800854,-10.780241
1547003690806,-0.16235352,-0.52648926,0.81933594,312.45285,312.45285,38.17095,-10.328524
1547003690849,-0.1973877,-0.5602417,0.84088135,312.36063,312.36063,38.620205,-10.339507
1547003690884,-0.16552734,-0.5733032,0.8331909,312.20328,312.20328,38.86024,-10.072025
1547003690929,-0.16766357,-0.5687866,0.8353882,312.09915,312.09915,39.22002,-9.966567
1547003690987,-0.15307617,-0.58898926,0.8322754,311.94458,311.94458,39.044273,-9.563413
1547003691007,-0.14758301,-0.5769043,0.81921387,311.78113,311.78113,38.858925,-9.332251
1547003691056,-0.15734863,-0.59710693,0.83203125,311.65375,311.65375,38.696213,-9.212122
1547003691092,-0.16125488,-0.592041,0.8413696,311.63574,311.63574,38.415955,-9.083605
1547003691136,-0.1517334,-0.58514404,0.8284302,311.55756,311.55756,38.148834,-8.997783
1547003691182,-0.14703369,-0.58221436,0.8184204,311.4478,311.4478,37.906773,-8.902087
1547003691210,-0.19555664,-0.61273193,0.81396484,311.50284,311.50284,37.80705,-8.924835
1547003691256,-0.15539551,-0.58428955,0.8251343,311.50034,311.50034,37.647026,-8.907965
1547003691288,-0.14935303,-0.57476807,0.8273926,311.56873,311.56873,37.35782,-9.011246
1547003691335,-0.16662598,-0.5739136,0.826355,311.62656,311.62656,36.98485,-9.171804
1547003691378,-0.15588379,-0.56622314,0.82769775,311.57135,311.57135,36.535023,-9.261124
1547003691413,-0.15252686,-0.5644531,0.8133545,311.52972,311.52972,36.18304,-9.309902
1547003691468,-0.16711426,-0.5685425,0.8352051,311.58447,311.58447,35.90856,-9.254876
1547003691490,-0.17315674,-0.5534668,0.8527832,311.6281,311.6281,35.576496,-9.273053
1547003691538,-0.16955566,-0.5507202,0.8642578,311.6092,311.6092,35.107685,-9.181026
1547003691581,-0.18560791,-0.56640625,0.89208984,311.64786,311.64786,34.58172,-9.137206
1547003691614,-0.1741333,-0.5625,0.8942871,311.59485,311.59485,33.83613,-9.023706
1547003691659,-0.16674805,-0.5361328,0.93634033,311.5884,311.5884,32.844475,-8.942708
1547003691699,-0.13653564,-0.5349121,0.92303467,311.5636,311.5636,31.551811,-8.696985
1547003691738,-0.14746094,-0.48919678,0.930603,311.65643,311.65643,30.029755,-8.756936
1547003691784,-0.15740967,-0.49365234,0.9175415,311.76013,311.76013,28.28522,-8.512012
1547003691819,-0.12585449,-0.43121338,0.9317627,311.92563,311.92563,26.401588,-8.402204
1547003691862,-0.16314697,-0.41589355,0.9135742,312.1599,312.1599,24.520712,-8.405868
1547003691908,-0.16003418,-0.3875122,0.9281616,312.3566,312.3566,22.65032,-8.309723
1547003691942,-0.12548828,-0.33947754,0.9189453,312.53415,312.53415,20.819698,-8.177184
1547003691986,-0.14587402,-0.32922363,0.9562988,312.7539,312.7539,19.095835,-8.285269
1547003692036,-0.11779785,-0.2866211,0.9414673,312.95724,312.95724,17.437107,-8.100497
1547003692064,-0.13372803,-0.27807617,0.9598999,313.25793,313.25793,15.968305,-8.205376
1547003692136,-0.13757324,-0.23291016,0.95184326,313.5146,313.5146,14.599313,-8.010569
1547003692145,-0.13256836,-0.20928955,0.9390869